"sid","trialNum","category","storyidx","nextCategory","nextData","nextDataRel","categoryRepetition","storyRepetition"
9,0,"Mean",20,"Mean","modified","related",TRUE,TRUE
9,1,"Mean",20,"Mean","modified","related",TRUE,TRUE
9,2,"Mean",20,"Mean","modified","related",TRUE,TRUE
9,3,"Mean",20,"Mean","random","unrelated",TRUE,FALSE
9,4,"Mean",17,"Mean","random","unrelated",TRUE,FALSE
9,5,"Mean",9,"Median","identical","related",FALSE,TRUE
9,6,"Median",9,"Median","random","unrelated",TRUE,FALSE
9,7,"Median",28,"Median","random","unrelated",TRUE,FALSE
9,8,"Median",16,"Median","modified","related",TRUE,TRUE
9,9,"Median",16,"Median","random","unrelated",TRUE,FALSE
9,10,"Median",14,"Median","random","unrelated",TRUE,FALSE
9,11,"Median",15,"Mode","identical","related",FALSE,TRUE
9,12,"Mode",15,"Mode","random","unrelated",TRUE,FALSE
9,13,"Mode",12,"Mode","modified","related",TRUE,TRUE
9,14,"Mode",12,"Mode","modified","related",TRUE,TRUE
9,15,"Mode",12,"Mode","modified","related",TRUE,TRUE
9,16,"Mode",12,"Mode","modified","related",TRUE,TRUE
9,17,"Mode",12,NA,NA,NA,NA,NA
15,0,"Mean",16,"Mean","modified","related",TRUE,TRUE
15,1,"Mean",16,"Mean","random","unrelated",TRUE,FALSE
15,2,"Mean",6,"Mean","modified","related",TRUE,TRUE
15,3,"Mean",6,"Mean","modified","related",TRUE,TRUE
15,4,"Mean",6,"Mean","random","unrelated",TRUE,FALSE
15,5,"Mean",9,"Median","identical","related",FALSE,TRUE
15,6,"Median",9,"Median","random","unrelated",TRUE,FALSE
15,7,"Median",32,"Median","random","unrelated",TRUE,FALSE
15,8,"Median",31,"Median","random","unrelated",TRUE,FALSE
15,9,"Median",10,"Median","modified","related",TRUE,TRUE
15,10,"Median",10,"Mode","identical","related",FALSE,TRUE
15,11,"Mode",10,"Mode","random","unrelated",TRUE,FALSE
15,12,"Mode",14,"Mode","modified","related",TRUE,TRUE
15,13,"Mode",14,"Mode","random","unrelated",TRUE,FALSE
15,14,"Mode",30,"Mode","random","unrelated",TRUE,FALSE
15,15,"Mode",13,NA,NA,NA,NA,NA
16,0,"Mean",10,"Mean","modified","related",TRUE,TRUE
16,1,"Mean",10,"Median","identical","related",FALSE,TRUE
16,2,"Median",10,"Median","modified","related",TRUE,TRUE
16,3,"Median",10,"Median","random","unrelated",TRUE,FALSE
16,4,"Median",7,"Median","modified","related",TRUE,TRUE
16,5,"Median",7,"Median","random","unrelated",TRUE,FALSE
16,6,"Median",19,"Mode","identical","related",FALSE,TRUE
16,7,"Mode",19,"Mode","random","unrelated",TRUE,FALSE
16,8,"Mode",23,"Mode","random","unrelated",TRUE,FALSE
16,9,"Mode",12,"Mode","modified","related",TRUE,TRUE
16,10,"Mode",12,"Mode","random","unrelated",TRUE,FALSE
16,11,"Mode",11,"Mean","identical","related",FALSE,TRUE
16,12,"Mean",11,"Mean","random","unrelated",TRUE,FALSE
16,13,"Mean",16,"Mean","random","unrelated",TRUE,FALSE
16,14,"Mean",1,"Mean","random","unrelated",TRUE,FALSE
16,15,"Mean",32,NA,NA,NA,NA,NA
19,0,"Mean",2,"Mean","modified","related",TRUE,TRUE
19,1,"Mean",2,"Mean","random","unrelated",TRUE,FALSE
19,2,"Mean",1,"Mean","random","unrelated",TRUE,FALSE
19,3,"Mean",14,"Mean","random","unrelated",TRUE,FALSE
19,4,"Mean",32,"Mean","random","unrelated",TRUE,FALSE
19,5,"Mean",13,"Median","identical","related",FALSE,TRUE
19,6,"Median",13,"Median","modified","related",TRUE,TRUE
19,7,"Median",13,"Median","random","unrelated",TRUE,FALSE
19,8,"Median",20,"Median","modified","related",TRUE,TRUE
19,9,"Median",20,"Median","modified","related",TRUE,TRUE
19,10,"Median",20,"Mode","identical","related",FALSE,TRUE
19,11,"Mode",20,"Mode","modified","related",TRUE,TRUE
19,12,"Mode",20,"Mode","modified","related",TRUE,TRUE
19,13,"Mode",20,"Mode","modified","related",TRUE,TRUE
19,14,"Mode",20,"Mode","modified","related",TRUE,TRUE
19,15,"Mode",20,NA,NA,NA,NA,NA
43,0,"Mean",32,"Mean","modified","related",TRUE,TRUE
43,1,"Mean",32,"Mean","random","unrelated",TRUE,FALSE
43,2,"Mean",7,"Mean","random","unrelated",TRUE,FALSE
43,3,"Mean",14,"Mean","random","unrelated",TRUE,FALSE
43,4,"Mean",24,"Median","random","unrelated",FALSE,FALSE
43,5,"Median",1,"Median","random","unrelated",TRUE,FALSE
43,6,"Median",11,"Median","random","unrelated",TRUE,FALSE
43,7,"Median",25,"Median","modified","related",TRUE,TRUE
43,8,"Median",25,"Median","modified","related",TRUE,TRUE
43,9,"Median",25,"Mode","identical","related",FALSE,TRUE
43,10,"Mode",25,"Mode","modified","related",TRUE,TRUE
43,11,"Mode",25,"Mode","modified","related",TRUE,TRUE
43,12,"Mode",25,"Mode","modified","related",TRUE,TRUE
43,13,"Mode",25,"Mode","modified","related",TRUE,TRUE
43,14,"Mode",25,NA,NA,NA,NA,NA
53,0,"Mean",25,"Mean","modified","related",TRUE,TRUE
53,1,"Mean",25,"Mean","random","unrelated",TRUE,FALSE
53,2,"Mean",9,"Median","random","unrelated",FALSE,FALSE
53,3,"Median",14,"Mode","identical","related",FALSE,TRUE
53,4,"Mode",14,"Mode","modified","related",TRUE,TRUE
53,5,"Mode",14,"Mode","random","unrelated",TRUE,FALSE
53,6,"Mode",20,"Mode","modified","related",TRUE,TRUE
53,7,"Mode",20,"Mean","random","unrelated",FALSE,FALSE
53,8,"Mean",3,"Mean","modified","related",TRUE,TRUE
53,9,"Mean",3,"Mean","modified","related",TRUE,TRUE
53,10,"Mean",3,"Median","identical","related",FALSE,TRUE
53,11,"Median",3,"Median","random","unrelated",TRUE,FALSE
53,12,"Median",29,"Median","random","unrelated",TRUE,FALSE
53,13,"Median",6,"Median","modified","related",TRUE,TRUE
53,14,"Median",6,"Median","modified","related",TRUE,TRUE
53,15,"Median",6,"Mode","identical","related",FALSE,TRUE
53,16,"Mode",6,"Mode","random","unrelated",TRUE,FALSE
53,17,"Mode",27,NA,NA,NA,NA,NA
54,0,"Mean",11,"Mean","modified","related",TRUE,TRUE
54,1,"Mean",11,"Mean","random","unrelated",TRUE,FALSE
54,2,"Mean",16,"Mean","random","unrelated",TRUE,FALSE
54,3,"Mean",32,"Median","random","unrelated",FALSE,FALSE
54,4,"Median",4,"Median","random","unrelated",TRUE,FALSE
54,5,"Median",12,"Median","random","unrelated",TRUE,FALSE
54,6,"Median",27,"Median","random","unrelated",TRUE,FALSE
54,7,"Median",7,"Median","modified","related",TRUE,TRUE
54,8,"Median",7,"Median","modified","related",TRUE,TRUE
54,9,"Median",7,"Mode","identical","related",FALSE,TRUE
54,10,"Mode",7,"Mode","modified","related",TRUE,TRUE
54,11,"Mode",7,"Mode","modified","related",TRUE,TRUE
54,12,"Mode",7,"Mode","random","unrelated",TRUE,FALSE
54,13,"Mode",25,"Mode","random","unrelated",TRUE,FALSE
54,14,"Mode",18,"Mode","modified","related",TRUE,TRUE
54,15,"Mode",18,"Mean","identical","related",FALSE,TRUE
54,16,"Mean",18,"Mean","random","unrelated",TRUE,FALSE
54,17,"Mean",26,NA,NA,NA,NA,NA
56,0,"Mean",25,"Mean","modified","related",TRUE,TRUE
56,1,"Mean",25,"Mean","modified","related",TRUE,TRUE
56,2,"Mean",25,"Mean","random","unrelated",TRUE,FALSE
56,3,"Mean",1,"Mean","random","unrelated",TRUE,FALSE
56,4,"Mean",26,"Mean","random","unrelated",TRUE,FALSE
56,5,"Mean",28,"Median","identical","related",FALSE,TRUE
56,6,"Median",28,"Median","modified","related",TRUE,TRUE
56,7,"Median",28,"Median","modified","related",TRUE,TRUE
56,8,"Median",28,"Median","random","unrelated",TRUE,FALSE
56,9,"Median",7,"Median","random","unrelated",TRUE,FALSE
56,10,"Median",18,"Mode","identical","related",FALSE,TRUE
56,11,"Mode",18,"Mode","random","unrelated",TRUE,FALSE
56,12,"Mode",27,"Mode","modified","related",TRUE,TRUE
56,13,"Mode",27,"Mode","modified","related",TRUE,TRUE
56,14,"Mode",27,"Mode","modified","related",TRUE,TRUE
56,15,"Mode",27,NA,NA,NA,NA,NA
60,0,"Mean",8,"Mean","modified","related",TRUE,TRUE
60,1,"Mean",8,"Mean","modified","related",TRUE,TRUE
60,2,"Mean",8,"Mean","modified","related",TRUE,TRUE
60,3,"Mean",8,"Mean","modified","related",TRUE,TRUE
60,4,"Mean",8,"Median","identical","related",FALSE,TRUE
60,5,"Median",8,"Median","modified","related",TRUE,TRUE
60,6,"Median",8,"Median","random","unrelated",TRUE,FALSE
60,7,"Median",18,"Median","random","unrelated",TRUE,FALSE
60,8,"Median",7,"Median","modified","related",TRUE,TRUE
60,9,"Median",7,"Mode","identical","related",FALSE,TRUE
60,10,"Mode",7,"Mode","modified","related",TRUE,TRUE
60,11,"Mode",7,"Mode","random","unrelated",TRUE,FALSE
60,12,"Mode",32,"Mode","random","unrelated",TRUE,FALSE
60,13,"Mode",25,"Mode","modified","related",TRUE,TRUE
60,14,"Mode",25,"Mode","random","unrelated",TRUE,FALSE
60,15,"Mode",23,NA,NA,NA,NA,NA
68,0,"Mean",30,"Mean","random","unrelated",TRUE,FALSE
68,1,"Mean",5,"Mean","modified","related",TRUE,TRUE
68,2,"Mean",5,"Mean","random","unrelated",TRUE,FALSE
68,3,"Mean",28,"Mean","modified","related",TRUE,TRUE
68,4,"Mean",28,"Mean","modified","related",TRUE,TRUE
68,5,"Mean",28,"Median","identical","related",FALSE,TRUE
68,6,"Median",28,"Median","modified","related",TRUE,TRUE
68,7,"Median",28,"Median","random","unrelated",TRUE,FALSE
68,8,"Median",27,"Median","modified","related",TRUE,TRUE
68,9,"Median",27,"Median","random","unrelated",TRUE,FALSE
68,10,"Median",10,"Median","modified","related",TRUE,TRUE
68,11,"Median",10,"Mode","identical","related",FALSE,TRUE
68,12,"Mode",10,"Mode","modified","related",TRUE,TRUE
68,13,"Mode",10,"Mode","random","unrelated",TRUE,FALSE
68,14,"Mode",31,"Mode","modified","related",TRUE,TRUE
68,15,"Mode",31,"Mode","modified","related",TRUE,TRUE
68,16,"Mode",31,"Mode","random","unrelated",TRUE,FALSE
68,17,"Mode",20,NA,NA,NA,NA,NA
85,0,"Mean",7,"Mean","modified","related",TRUE,TRUE
85,1,"Mean",7,"Mean","random","unrelated",TRUE,FALSE
85,2,"Mean",17,"Mean","modified","related",TRUE,TRUE
85,3,"Mean",17,"Mean","random","unrelated",TRUE,FALSE
85,4,"Mean",27,"Median","identical","related",FALSE,TRUE
85,5,"Median",27,"Median","modified","related",TRUE,TRUE
85,6,"Median",27,"Median","random","unrelated",TRUE,FALSE
85,7,"Median",28,"Median","modified","related",TRUE,TRUE
85,8,"Median",28,"Median","random","unrelated",TRUE,FALSE
85,9,"Median",19,"Mode","random","unrelated",FALSE,FALSE
85,10,"Mode",21,"Mode","modified","related",TRUE,TRUE
85,11,"Mode",21,"Mode","random","unrelated",TRUE,FALSE
85,12,"Mode",23,"Mode","modified","related",TRUE,TRUE
85,13,"Mode",23,"Mode","modified","related",TRUE,TRUE
85,14,"Mode",23,"Mode","random","unrelated",TRUE,FALSE
85,15,"Mode",13,NA,NA,NA,NA,NA
120,0,"Mean",19,"Mean","modified","related",TRUE,TRUE
120,1,"Mean",19,"Mean","modified","related",TRUE,TRUE
120,2,"Mean",19,"Mean","modified","related",TRUE,TRUE
120,3,"Mean",19,"Mean","modified","related",TRUE,TRUE
120,4,"Mean",19,"Mean","modified","related",TRUE,TRUE
120,5,"Mean",19,"Median","identical","related",FALSE,TRUE
120,6,"Median",19,"Median","random","unrelated",TRUE,FALSE
120,7,"Median",18,"Median","random","unrelated",TRUE,FALSE
120,8,"Median",16,"Median","random","unrelated",TRUE,FALSE
120,9,"Median",10,"Median","random","unrelated",TRUE,FALSE
120,10,"Median",27,"Median","random","unrelated",TRUE,FALSE
120,11,"Median",32,"Mode","random","unrelated",FALSE,FALSE
120,12,"Mode",17,"Mode","random","unrelated",TRUE,FALSE
120,13,"Mode",2,"Mode","modified","related",TRUE,TRUE
120,14,"Mode",2,"Mode","modified","related",TRUE,TRUE
120,15,"Mode",2,"Mode","modified","related",TRUE,TRUE
120,16,"Mode",2,NA,NA,NA,NA,NA
134,0,"Mean",19,"Mean","modified","related",TRUE,TRUE
134,1,"Mean",19,"Mean","random","unrelated",TRUE,FALSE
134,2,"Mean",15,"Mean","modified","related",TRUE,TRUE
134,3,"Mean",15,"Mean","modified","related",TRUE,TRUE
134,4,"Mean",15,"Median","identical","related",FALSE,TRUE
134,5,"Median",15,"Median","modified","related",TRUE,TRUE
134,6,"Median",15,"Median","random","unrelated",TRUE,FALSE
134,7,"Median",16,"Median","modified","related",TRUE,TRUE
134,8,"Median",16,"Median","random","unrelated",TRUE,FALSE
134,9,"Median",22,"Mode","identical","related",FALSE,TRUE
134,10,"Mode",22,"Mode","modified","related",TRUE,TRUE
134,11,"Mode",22,"Mode","modified","related",TRUE,TRUE
134,12,"Mode",22,"Mode","random","unrelated",TRUE,FALSE
134,13,"Mode",7,"Mode","random","unrelated",TRUE,FALSE
134,14,"Mode",28,NA,NA,NA,NA,NA
148,0,"Mean",23,"Mean","modified","related",TRUE,TRUE
148,1,"Mean",23,"Mean","random","unrelated",TRUE,FALSE
148,2,"Mean",3,"Mean","modified","related",TRUE,TRUE
148,3,"Mean",3,"Mean","random","unrelated",TRUE,FALSE
148,4,"Mean",1,"Mean","modified","related",TRUE,TRUE
148,5,"Mean",1,"Median","identical","related",FALSE,TRUE
148,6,"Median",1,"Median","random","unrelated",TRUE,FALSE
148,7,"Median",11,"Median","random","unrelated",TRUE,FALSE
148,8,"Median",15,"Median","random","unrelated",TRUE,FALSE
148,9,"Median",17,"Median","random","unrelated",TRUE,FALSE
148,10,"Median",2,"Median","modified","related",TRUE,TRUE
148,11,"Median",2,"Mode","identical","related",FALSE,TRUE
148,12,"Mode",2,"Mode","modified","related",TRUE,TRUE
148,13,"Mode",2,"Mode","random","unrelated",TRUE,FALSE
148,14,"Mode",14,"Mode","modified","related",TRUE,TRUE
148,15,"Mode",14,"Mode","modified","related",TRUE,TRUE
148,16,"Mode",14,"Mode","modified","related",TRUE,TRUE
148,17,"Mode",14,NA,NA,NA,NA,NA
157,0,"Mean",21,"Mean","modified","related",TRUE,TRUE
157,1,"Mean",21,"Mean","random","unrelated",TRUE,FALSE
157,2,"Mean",29,"Mean","modified","related",TRUE,TRUE
157,3,"Mean",29,"Mean","random","unrelated",TRUE,FALSE
157,4,"Mean",7,"Mean","modified","related",TRUE,TRUE
157,5,"Mean",7,"Median","identical","related",FALSE,TRUE
157,6,"Median",7,"Median","random","unrelated",TRUE,FALSE
157,7,"Median",19,"Median","modified","related",TRUE,TRUE
157,8,"Median",19,"Median","random","unrelated",TRUE,FALSE
157,9,"Median",5,"Median","modified","related",TRUE,TRUE
157,10,"Median",5,"Median","random","unrelated",TRUE,FALSE
157,11,"Median",17,"Mode","identical","related",FALSE,TRUE
157,12,"Mode",17,"Mode","modified","related",TRUE,TRUE
157,13,"Mode",17,"Mode","modified","related",TRUE,TRUE
157,14,"Mode",17,"Mode","random","unrelated",TRUE,FALSE
157,15,"Mode",9,"Mode","modified","related",TRUE,TRUE
157,16,"Mode",9,NA,NA,NA,NA,NA
168,0,"Mean",5,"Mean","modified","related",TRUE,TRUE
168,1,"Mean",5,"Mean","random","unrelated",TRUE,FALSE
168,2,"Mean",12,"Mean","modified","related",TRUE,TRUE
168,3,"Mean",12,"Mean","modified","related",TRUE,TRUE
168,4,"Mean",12,"Median","identical","related",FALSE,TRUE
168,5,"Median",12,"Median","modified","related",TRUE,TRUE
168,6,"Median",12,"Median","modified","related",TRUE,TRUE
168,7,"Median",12,"Median","modified","related",TRUE,TRUE
168,8,"Median",12,"Median","modified","related",TRUE,TRUE
168,9,"Median",12,"Mode","identical","related",FALSE,TRUE
168,10,"Mode",12,"Mode","random","unrelated",TRUE,FALSE
168,11,"Mode",1,"Mode","random","unrelated",TRUE,FALSE
168,12,"Mode",27,"Mode","random","unrelated",TRUE,FALSE
168,13,"Mode",18,"Mode","random","unrelated",TRUE,FALSE
168,14,"Mode",21,NA,NA,NA,NA,NA
176,0,"Mean",31,"Mean","modified","related",TRUE,TRUE
176,1,"Mean",31,"Mean","random","unrelated",TRUE,FALSE
176,2,"Mean",27,"Mean","modified","related",TRUE,TRUE
176,3,"Mean",27,"Mean","modified","related",TRUE,TRUE
176,4,"Mean",27,"Mean","modified","related",TRUE,TRUE
176,5,"Mean",27,"Median","identical","related",FALSE,TRUE
176,6,"Median",27,"Median","random","unrelated",TRUE,FALSE
176,7,"Median",23,"Mode","identical","related",FALSE,TRUE
176,8,"Mode",23,"Median","modified","related",FALSE,TRUE
176,9,"Median",23,"Median","modified","related",TRUE,TRUE
176,10,"Median",23,"Median","modified","related",TRUE,TRUE
176,11,"Median",23,"Mode","identical","related",FALSE,TRUE
176,12,"Mode",23,"Mode","random","unrelated",TRUE,FALSE
176,13,"Mode",4,"Mode","random","unrelated",TRUE,FALSE
176,14,"Mode",18,"Mode","random","unrelated",TRUE,FALSE
176,15,"Mode",8,"Mode","random","unrelated",TRUE,FALSE
176,16,"Mode",22,NA,NA,NA,NA,NA
177,0,"Mean",16,"Mean","random","unrelated",TRUE,FALSE
177,1,"Mean",27,"Mean","modified","related",TRUE,TRUE
177,2,"Mean",27,"Mean","modified","related",TRUE,TRUE
177,3,"Mean",27,"Mean","modified","related",TRUE,TRUE
177,4,"Mean",27,"Mean","modified","related",TRUE,TRUE
177,5,"Mean",27,"Median","identical","related",FALSE,TRUE
177,6,"Median",27,"Median","modified","related",TRUE,TRUE
177,7,"Median",27,"Median","random","unrelated",TRUE,FALSE
177,8,"Median",6,"Median","random","unrelated",TRUE,FALSE
177,9,"Median",4,"Median","random","unrelated",TRUE,FALSE
177,10,"Median",32,"Mode","identical","related",FALSE,TRUE
177,11,"Mode",32,"Mode","modified","related",TRUE,TRUE
177,12,"Mode",32,"Mode","random","unrelated",TRUE,FALSE
177,13,"Mode",25,"Mode","random","unrelated",TRUE,FALSE
177,14,"Mode",20,"Mode","random","unrelated",TRUE,FALSE
177,15,"Mode",5,NA,NA,NA,NA,NA
181,0,"Mean",4,"Mean","modified","related",TRUE,TRUE
181,1,"Mean",4,"Mean","modified","related",TRUE,TRUE
181,2,"Mean",4,"Mean","modified","related",TRUE,TRUE
181,3,"Mean",4,"Mean","modified","related",TRUE,TRUE
181,4,"Mean",4,"Mean","modified","related",TRUE,TRUE
181,5,"Mean",4,"Median","identical","related",FALSE,TRUE
181,6,"Median",4,"Median","random","unrelated",TRUE,FALSE
181,7,"Median",5,"Median","random","unrelated",TRUE,FALSE
181,8,"Median",12,"Median","random","unrelated",TRUE,FALSE
181,9,"Median",7,"Median","modified","related",TRUE,TRUE
181,10,"Median",7,"Mode","identical","related",FALSE,TRUE
181,11,"Mode",7,"Mode","random","unrelated",TRUE,FALSE
181,12,"Mode",24,"Mode","random","unrelated",TRUE,FALSE
181,13,"Mode",32,"Mode","random","unrelated",TRUE,FALSE
181,14,"Mode",9,"Mode","modified","related",TRUE,TRUE
181,15,"Mode",9,NA,NA,NA,NA,NA
188,0,"Mean",2,"Mean","modified","related",TRUE,TRUE
188,1,"Mean",2,"Mean","modified","related",TRUE,TRUE
188,2,"Mean",2,"Mean","random","unrelated",TRUE,FALSE
188,3,"Mean",31,"Mean","modified","related",TRUE,TRUE
188,4,"Mean",31,"Median","identical","related",FALSE,TRUE
188,5,"Median",31,"Median","random","unrelated",TRUE,FALSE
188,6,"Median",1,"Median","random","unrelated",TRUE,FALSE
188,7,"Median",27,"Median","random","unrelated",TRUE,FALSE
188,8,"Median",20,"Median","random","unrelated",TRUE,FALSE
188,9,"Median",16,"Median","modified","related",TRUE,TRUE
188,10,"Median",16,"Mode","identical","related",FALSE,TRUE
188,11,"Mode",16,"Mode","modified","related",TRUE,TRUE
188,12,"Mode",16,"Mode","random","unrelated",TRUE,FALSE
188,13,"Mode",13,"Mode","random","unrelated",TRUE,FALSE
188,14,"Mode",18,"Mode","modified","related",TRUE,TRUE
188,15,"Mode",18,NA,NA,NA,NA,NA
191,0,"Mean",4,"Mean","modified","related",TRUE,TRUE
191,1,"Mean",4,"Mean","modified","related",TRUE,TRUE
191,2,"Mean",4,"Mean","modified","related",TRUE,TRUE
191,3,"Mean",4,"Mean","random","unrelated",TRUE,FALSE
191,4,"Mean",9,"Median","identical","related",FALSE,TRUE
191,5,"Median",9,"Median","modified","related",TRUE,TRUE
191,6,"Median",9,"Median","modified","related",TRUE,TRUE
191,7,"Median",9,"Median","modified","related",TRUE,TRUE
191,8,"Median",9,"Median","random","unrelated",TRUE,FALSE
191,9,"Median",16,"Mode","identical","related",FALSE,TRUE
191,10,"Mode",16,"Mode","modified","related",TRUE,TRUE
191,11,"Mode",16,"Mode","random","unrelated",TRUE,FALSE
191,12,"Mode",18,"Mode","random","unrelated",TRUE,FALSE
191,13,"Mode",26,"Mode","modified","related",TRUE,TRUE
191,14,"Mode",26,"Mode","random","unrelated",TRUE,FALSE
191,15,"Mode",10,NA,NA,NA,NA,NA
216,0,"Mean",9,"Mean","modified","related",TRUE,TRUE
216,1,"Mean",9,"Mean","modified","related",TRUE,TRUE
216,2,"Mean",9,"Mean","random","unrelated",TRUE,FALSE
216,3,"Mean",28,"Mean","modified","related",TRUE,TRUE
216,4,"Mean",28,"Median","identical","related",FALSE,TRUE
216,5,"Median",28,"Median","modified","related",TRUE,TRUE
216,6,"Median",28,"Median","random","unrelated",TRUE,FALSE
216,7,"Median",7,"Median","modified","related",TRUE,TRUE
216,8,"Median",7,"Median","modified","related",TRUE,TRUE
216,9,"Median",7,"Median","modified","related",TRUE,TRUE
216,10,"Median",7,"Mode","identical","related",FALSE,TRUE
216,11,"Mode",7,"Mode","modified","related",TRUE,TRUE
216,12,"Mode",7,"Mode","random","unrelated",TRUE,FALSE
216,13,"Mode",1,"Mode","random","unrelated",TRUE,FALSE
216,14,"Mode",15,"Mode","random","unrelated",TRUE,FALSE
216,15,"Mode",30,"Mode","random","unrelated",TRUE,FALSE
216,16,"Mode",31,NA,NA,NA,NA,NA
236,0,"Mean",10,"Mean","modified","related",TRUE,TRUE
236,1,"Mean",10,"Mean","modified","related",TRUE,TRUE
236,2,"Mean",10,"Mean","modified","related",TRUE,TRUE
236,3,"Mean",10,"Mean","modified","related",TRUE,TRUE
236,4,"Mean",10,"Mode","identical","related",FALSE,TRUE
236,5,"Mode",10,"Mode","modified","related",TRUE,TRUE
236,6,"Mode",10,"Mode","modified","related",TRUE,TRUE
236,7,"Mode",10,"Mode","random","unrelated",TRUE,FALSE
236,8,"Mode",13,"Mode","modified","related",TRUE,TRUE
236,9,"Mode",13,"Mode","random","unrelated",TRUE,FALSE
236,10,"Mode",16,"Median","identical","related",FALSE,TRUE
236,11,"Median",16,"Median","modified","related",TRUE,TRUE
236,12,"Median",16,"Median","random","unrelated",TRUE,FALSE
236,13,"Median",17,"Median","random","unrelated",TRUE,FALSE
236,14,"Median",25,"Median","modified","related",TRUE,TRUE
236,15,"Median",25,NA,NA,NA,NA,NA
237,0,"Mean",12,"Mean","modified","related",TRUE,TRUE
237,1,"Mean",12,"Mean","modified","related",TRUE,TRUE
237,2,"Mean",12,"Mean","modified","related",TRUE,TRUE
237,3,"Mean",12,"Mean","modified","related",TRUE,TRUE
237,4,"Mean",12,"Mean","modified","related",TRUE,TRUE
237,5,"Mean",12,"Mean","modified","related",TRUE,TRUE
237,6,"Mean",12,"Median","identical","related",FALSE,TRUE
237,7,"Median",12,"Median","random","unrelated",TRUE,FALSE
237,8,"Median",22,"Median","modified","related",TRUE,TRUE
237,9,"Median",22,"Median","random","unrelated",TRUE,FALSE
237,10,"Median",4,"Median","modified","related",TRUE,TRUE
237,11,"Median",4,"Median","random","unrelated",TRUE,FALSE
237,12,"Median",5,"Mode","identical","related",FALSE,TRUE
237,13,"Mode",5,"Mode","random","unrelated",TRUE,FALSE
237,14,"Mode",8,"Mode","modified","related",TRUE,TRUE
237,15,"Mode",8,"Mode","random","unrelated",TRUE,FALSE
237,16,"Mode",10,"Mode","modified","related",TRUE,TRUE
237,17,"Mode",10,NA,NA,NA,NA,NA
240,0,"Mean",7,"Mean","modified","related",TRUE,TRUE
240,1,"Mean",7,"Mean","modified","related",TRUE,TRUE
240,2,"Mean",7,"Mean","modified","related",TRUE,TRUE
240,3,"Mean",7,"Mean","modified","related",TRUE,TRUE
240,4,"Mean",7,"Median","identical","related",FALSE,TRUE
240,5,"Median",7,"Median","modified","related",TRUE,TRUE
240,6,"Median",7,"Median","modified","related",TRUE,TRUE
240,7,"Median",7,"Median","random","unrelated",TRUE,FALSE
240,8,"Median",12,"Median","random","unrelated",TRUE,FALSE
240,9,"Median",15,"Median","random","unrelated",TRUE,FALSE
240,10,"Median",10,"Mode","identical","related",FALSE,TRUE
240,11,"Mode",10,"Mode","random","unrelated",TRUE,FALSE
240,12,"Mode",9,"Mode","random","unrelated",TRUE,FALSE
240,13,"Mode",22,"Mode","random","unrelated",TRUE,FALSE
240,14,"Mode",32,"Mode","random","unrelated",TRUE,FALSE
240,15,"Mode",1,NA,NA,NA,NA,NA
241,0,"Mean",28,"Mean","modified","related",TRUE,TRUE
241,1,"Mean",28,"Mean","random","unrelated",TRUE,FALSE
241,2,"Mean",5,"Mean","modified","related",TRUE,TRUE
241,3,"Mean",5,"Mean","random","unrelated",TRUE,FALSE
241,4,"Mean",24,"Median","identical","related",FALSE,TRUE
241,5,"Median",24,"Median","modified","related",TRUE,TRUE
241,6,"Median",24,"Median","modified","related",TRUE,TRUE
241,7,"Median",24,"Median","random","unrelated",TRUE,FALSE
241,8,"Median",6,"Median","random","unrelated",TRUE,FALSE
241,9,"Median",27,"Median","random","unrelated",TRUE,FALSE
241,10,"Median",8,"Mode","identical","related",FALSE,TRUE
241,11,"Mode",8,"Mode","modified","related",TRUE,TRUE
241,12,"Mode",8,"Mode","modified","related",TRUE,TRUE
241,13,"Mode",8,"Mode","modified","related",TRUE,TRUE
241,14,"Mode",8,"Mode","random","unrelated",TRUE,FALSE
241,15,"Mode",20,NA,NA,NA,NA,NA
257,0,"Mean",23,"Mean","modified","related",TRUE,TRUE
257,1,"Mean",23,"Mean","modified","related",TRUE,TRUE
257,2,"Mean",23,"Mean","random","unrelated",TRUE,FALSE
257,3,"Mean",24,"Mean","modified","related",TRUE,TRUE
257,4,"Mean",24,"Mean","modified","related",TRUE,TRUE
257,5,"Mean",24,"Median","identical","related",FALSE,TRUE
257,6,"Median",24,"Median","modified","related",TRUE,TRUE
257,7,"Median",24,"Median","modified","related",TRUE,TRUE
257,8,"Median",24,"Median","modified","related",TRUE,TRUE
257,9,"Median",24,"Median","modified","related",TRUE,TRUE
257,10,"Median",24,"Median","random","unrelated",TRUE,FALSE
257,11,"Median",18,"Mode","identical","related",FALSE,TRUE
257,12,"Mode",18,"Mode","modified","related",TRUE,TRUE
257,13,"Mode",18,"Mode","random","unrelated",TRUE,FALSE
257,14,"Mode",20,"Mode","modified","related",TRUE,TRUE
257,15,"Mode",20,"Mode","random","unrelated",TRUE,FALSE
257,16,"Mode",32,"Mode","modified","related",TRUE,TRUE
257,17,"Mode",32,NA,NA,NA,NA,NA
267,0,"Mean",30,"Mean","modified","related",TRUE,TRUE
267,1,"Mean",30,"Mean","random","unrelated",TRUE,FALSE
267,2,"Mean",28,"Mean","random","unrelated",TRUE,FALSE
267,3,"Mean",23,"Mean","random","unrelated",TRUE,FALSE
267,4,"Mean",31,"Median","random","unrelated",FALSE,FALSE
267,5,"Median",18,"Median","modified","related",TRUE,TRUE
267,6,"Median",18,"Median","random","unrelated",TRUE,FALSE
267,7,"Median",1,"Median","modified","related",TRUE,TRUE
267,8,"Median",1,"Median","modified","related",TRUE,TRUE
267,9,"Median",1,"Median","modified","related",TRUE,TRUE
267,10,"Median",1,"Mode","identical","related",FALSE,TRUE
267,11,"Mode",1,"Mode","random","unrelated",TRUE,FALSE
267,12,"Mode",11,"Mode","random","unrelated",TRUE,FALSE
267,13,"Mode",6,"Mode","modified","related",TRUE,TRUE
267,14,"Mode",6,"Mode","random","unrelated",TRUE,FALSE
267,15,"Mode",24,"Mode","random","unrelated",TRUE,FALSE
267,16,"Mode",7,NA,NA,NA,NA,NA
279,0,"Mean",7,"Mean","modified","related",TRUE,TRUE
279,1,"Mean",7,"Mean","modified","related",TRUE,TRUE
279,2,"Mean",7,"Mean","modified","related",TRUE,TRUE
279,3,"Mean",7,"Mean","modified","related",TRUE,TRUE
279,4,"Mean",7,"Mean","modified","related",TRUE,TRUE
279,5,"Mean",7,"Mean","modified","related",TRUE,TRUE
279,6,"Mean",7,"Mean","random","unrelated",TRUE,FALSE
279,7,"Mean",10,"Median","identical","related",FALSE,TRUE
279,8,"Median",10,"Median","random","unrelated",TRUE,FALSE
279,9,"Median",2,"Median","modified","related",TRUE,TRUE
279,10,"Median",2,"Median","random","unrelated",TRUE,FALSE
279,11,"Median",23,"Median","modified","related",TRUE,TRUE
279,12,"Median",23,"Median","random","unrelated",TRUE,FALSE
279,13,"Median",13,"Median","modified","related",TRUE,TRUE
279,14,"Median",13,"Mode","identical","related",FALSE,TRUE
279,15,"Mode",13,"Mode","random","unrelated",TRUE,FALSE
279,16,"Mode",21,"Mode","modified","related",TRUE,TRUE
279,17,"Mode",21,"Mode","random","unrelated",TRUE,FALSE
279,18,"Mode",4,"Mode","random","unrelated",TRUE,FALSE
279,19,"Mode",31,"Mode","modified","related",TRUE,TRUE
279,20,"Mode",31,NA,NA,NA,NA,NA
284,0,"Mean",14,"Mean","modified","related",TRUE,TRUE
284,1,"Mean",14,"Mean","modified","related",TRUE,TRUE
284,2,"Mean",14,"Mode","random","unrelated",FALSE,FALSE
284,3,"Mode",26,"Mode","modified","related",TRUE,TRUE
284,4,"Mode",26,"Mode","modified","related",TRUE,TRUE
284,5,"Mode",26,"Mode","modified","related",TRUE,TRUE
284,6,"Mode",26,"Mode","modified","related",TRUE,TRUE
284,7,"Mode",26,"Mode","modified","related",TRUE,TRUE
284,8,"Mode",26,"Mean","identical","related",FALSE,TRUE
284,9,"Mean",26,"Mean","modified","related",TRUE,TRUE
284,10,"Mean",26,"Median","identical","related",FALSE,TRUE
284,11,"Median",26,"Median","random","unrelated",TRUE,FALSE
284,12,"Median",10,"Median","random","unrelated",TRUE,FALSE
284,13,"Median",27,"Median","random","unrelated",TRUE,FALSE
284,14,"Median",29,"Median","modified","related",TRUE,TRUE
284,15,"Median",29,"Median","random","unrelated",TRUE,FALSE
284,16,"Median",12,NA,NA,NA,NA,NA
288,0,"Mean",27,"Mean","modified","related",TRUE,TRUE
288,1,"Mean",27,"Mean","modified","related",TRUE,TRUE
288,2,"Mean",27,"Median","random","unrelated",FALSE,FALSE
288,3,"Median",7,"Median","modified","related",TRUE,TRUE
288,4,"Median",7,"Median","modified","related",TRUE,TRUE
288,5,"Median",7,"Median","modified","related",TRUE,TRUE
288,6,"Median",7,"Median","modified","related",TRUE,TRUE
288,7,"Median",7,"Median","random","unrelated",TRUE,FALSE
288,8,"Median",6,"Mode","identical","related",FALSE,TRUE
288,9,"Mode",6,"Mode","modified","related",TRUE,TRUE
288,10,"Mode",6,"Mode","modified","related",TRUE,TRUE
288,11,"Mode",6,"Mode","random","unrelated",TRUE,FALSE
288,12,"Mode",4,"Mode","random","unrelated",TRUE,FALSE
288,13,"Mode",17,"Mean","identical","related",FALSE,TRUE
288,14,"Mean",17,"Mean","modified","related",TRUE,TRUE
288,15,"Mean",17,NA,NA,NA,NA,NA
290,0,"Mean",27,"Mean","modified","related",TRUE,TRUE
290,1,"Mean",27,"Mean","modified","related",TRUE,TRUE
290,2,"Mean",27,"Mean","modified","related",TRUE,TRUE
290,3,"Mean",27,"Mean","modified","related",TRUE,TRUE
290,4,"Mean",27,"Mean","modified","related",TRUE,TRUE
290,5,"Mean",27,"Mean","random","unrelated",TRUE,FALSE
290,6,"Mean",30,"Mean","random","unrelated",TRUE,FALSE
290,7,"Mean",4,"Median","identical","related",FALSE,TRUE
290,8,"Median",4,"Median","modified","related",TRUE,TRUE
290,9,"Median",4,"Median","modified","related",TRUE,TRUE
290,10,"Median",4,"Median","modified","related",TRUE,TRUE
290,11,"Median",4,"Median","modified","related",TRUE,TRUE
290,12,"Median",4,"Median","modified","related",TRUE,TRUE
290,13,"Median",4,"Median","random","unrelated",TRUE,FALSE
290,14,"Median",10,"Mode","identical","related",FALSE,TRUE
290,15,"Mode",10,"Mode","modified","related",TRUE,TRUE
290,16,"Mode",10,"Mode","modified","related",TRUE,TRUE
290,17,"Mode",10,"Mode","modified","related",TRUE,TRUE
290,18,"Mode",10,"Mode","modified","related",TRUE,TRUE
290,19,"Mode",10,"Mode","modified","related",TRUE,TRUE
290,20,"Mode",10,"Mode","random","unrelated",TRUE,FALSE
290,21,"Mode",15,"Mode","random","unrelated",TRUE,FALSE
290,22,"Mode",32,"Mode","random","unrelated",TRUE,FALSE
290,23,"Mode",13,"Mode","random","unrelated",TRUE,FALSE
290,24,"Mode",24,"Mode","random","unrelated",TRUE,FALSE
290,25,"Mode",6,"Median","random","unrelated",FALSE,FALSE
290,26,"Median",14,NA,NA,NA,NA,NA
300,0,"Mean",17,"Mean","modified","related",TRUE,TRUE
300,1,"Mean",17,"Mean","modified","related",TRUE,TRUE
300,2,"Mean",17,"Mean","modified","related",TRUE,TRUE
300,3,"Mean",17,"Mean","modified","related",TRUE,TRUE
300,4,"Mean",17,"Mean","modified","related",TRUE,TRUE
300,5,"Mean",17,"Mode","random","unrelated",FALSE,FALSE
300,6,"Mode",12,"Mode","random","unrelated",TRUE,FALSE
300,7,"Mode",25,"Mode","random","unrelated",TRUE,FALSE
300,8,"Mode",4,"Mode","random","unrelated",TRUE,FALSE
300,9,"Mode",19,"Mode","random","unrelated",TRUE,FALSE
300,10,"Mode",24,"Mode","random","unrelated",TRUE,FALSE
300,11,"Mode",29,"Mode","random","unrelated",TRUE,FALSE
300,12,"Mode",3,"Mode","random","unrelated",TRUE,FALSE
300,13,"Mode",11,"Median","identical","related",FALSE,TRUE
300,14,"Median",11,"Median","modified","related",TRUE,TRUE
300,15,"Median",11,"Median","modified","related",TRUE,TRUE
300,16,"Median",11,"Median","random","unrelated",TRUE,FALSE
300,17,"Median",9,"Median","random","unrelated",TRUE,FALSE
300,18,"Median",31,"Median","random","unrelated",TRUE,FALSE
300,19,"Median",21,NA,NA,NA,NA,NA
309,0,"Mean",16,"Mean","modified","related",TRUE,TRUE
309,1,"Mean",16,"Median","identical","related",FALSE,TRUE
309,2,"Median",16,"Median","modified","related",TRUE,TRUE
309,3,"Median",16,"Median","random","unrelated",TRUE,FALSE
309,4,"Median",27,"Median","modified","related",TRUE,TRUE
309,5,"Median",27,"Mode","identical","related",FALSE,TRUE
309,6,"Mode",27,"Mode","modified","related",TRUE,TRUE
309,7,"Mode",27,"Mode","random","unrelated",TRUE,FALSE
309,8,"Mode",2,"Mean","identical","related",FALSE,TRUE
309,9,"Mean",2,"Mean","random","unrelated",TRUE,FALSE
309,10,"Mean",24,"Mean","modified","related",TRUE,TRUE
309,11,"Mean",24,"Median","random","unrelated",FALSE,FALSE
309,12,"Median",26,"Mode","random","unrelated",FALSE,FALSE
309,13,"Mode",3,"Mode","random","unrelated",TRUE,FALSE
309,14,"Mode",22,NA,NA,NA,NA,NA
314,0,"Mean",16,"Mean","modified","related",TRUE,TRUE
314,1,"Mean",16,"Mean","random","unrelated",TRUE,FALSE
314,2,"Mean",14,"Median","random","unrelated",FALSE,FALSE
314,3,"Median",8,"Median","random","unrelated",TRUE,FALSE
314,4,"Median",6,"Mean","random","unrelated",FALSE,FALSE
314,5,"Mean",4,"Mode","identical","related",FALSE,TRUE
314,6,"Mode",4,"Mode","modified","related",TRUE,TRUE
314,7,"Mode",4,"Mode","modified","related",TRUE,TRUE
314,8,"Mode",4,"Mode","modified","related",TRUE,TRUE
314,9,"Mode",4,"Mode","modified","related",TRUE,TRUE
314,10,"Mode",4,"Mode","modified","related",TRUE,TRUE
314,11,"Mode",4,"Mean","identical","related",FALSE,TRUE
314,12,"Mean",4,"Mean","random","unrelated",TRUE,FALSE
314,13,"Mean",28,"Median","identical","related",FALSE,TRUE
314,14,"Median",28,"Median","modified","related",TRUE,TRUE
314,15,"Median",28,"Median","modified","related",TRUE,TRUE
314,16,"Median",28,"Median","modified","related",TRUE,TRUE
314,17,"Median",28,NA,NA,NA,NA,NA
315,0,"Mean",13,"Mean","random","unrelated",TRUE,FALSE
315,1,"Mean",6,"Mean","modified","related",TRUE,TRUE
315,2,"Mean",6,"Mean","modified","related",TRUE,TRUE
315,3,"Mean",6,"Mean","random","unrelated",TRUE,FALSE
315,4,"Mean",30,"Median","identical","related",FALSE,TRUE
315,5,"Median",30,"Median","modified","related",TRUE,TRUE
315,6,"Median",30,"Median","modified","related",TRUE,TRUE
315,7,"Median",30,"Median","random","unrelated",TRUE,FALSE
315,8,"Median",15,"Median","random","unrelated",TRUE,FALSE
315,9,"Median",11,"Median","random","unrelated",TRUE,FALSE
315,10,"Median",24,"Mode","identical","related",FALSE,TRUE
315,11,"Mode",24,"Mode","modified","related",TRUE,TRUE
315,12,"Mode",24,"Mode","random","unrelated",TRUE,FALSE
315,13,"Mode",22,"Mode","random","unrelated",TRUE,FALSE
315,14,"Mode",21,"Mode","random","unrelated",TRUE,FALSE
315,15,"Mode",20,"Mode","random","unrelated",TRUE,FALSE
315,16,"Mode",3,NA,NA,NA,NA,NA
327,0,"Mean",4,"Mean","modified","related",TRUE,TRUE
327,1,"Mean",4,"Mean","random","unrelated",TRUE,FALSE
327,2,"Mean",2,"Mean","random","unrelated",TRUE,FALSE
327,3,"Mean",28,"Mean","modified","related",TRUE,TRUE
327,4,"Mean",28,"Median","identical","related",FALSE,TRUE
327,5,"Median",28,"Median","random","unrelated",TRUE,FALSE
327,6,"Median",9,"Median","modified","related",TRUE,TRUE
327,7,"Median",9,"Median","modified","related",TRUE,TRUE
327,8,"Median",9,"Median","random","unrelated",TRUE,FALSE
327,9,"Median",32,"Mode","identical","related",FALSE,TRUE
327,10,"Mode",32,"Mode","modified","related",TRUE,TRUE
327,11,"Mode",32,"Mode","random","unrelated",TRUE,FALSE
327,12,"Mode",26,"Mode","random","unrelated",TRUE,FALSE
327,13,"Mode",3,"Mode","random","unrelated",TRUE,FALSE
327,14,"Mode",24,"Mode","random","unrelated",TRUE,FALSE
327,15,"Mode",30,NA,NA,NA,NA,NA
348,0,"Mean",16,"Mean","modified","related",TRUE,TRUE
348,1,"Mean",16,"Mean","modified","related",TRUE,TRUE
348,2,"Mean",16,"Mean","modified","related",TRUE,TRUE
348,3,"Mean",16,"Mean","modified","related",TRUE,TRUE
348,4,"Mean",16,"Median","identical","related",FALSE,TRUE
348,5,"Median",16,"Median","modified","related",TRUE,TRUE
348,6,"Median",16,"Median","modified","related",TRUE,TRUE
348,7,"Median",16,"Median","modified","related",TRUE,TRUE
348,8,"Median",16,"Median","random","unrelated",TRUE,FALSE
348,9,"Median",1,"Median","random","unrelated",TRUE,FALSE
348,10,"Median",7,"Mode","random","unrelated",FALSE,FALSE
348,11,"Mode",29,"Mode","random","unrelated",TRUE,FALSE
348,12,"Mode",23,"Mode","random","unrelated",TRUE,FALSE
348,13,"Mode",3,"Mode","random","unrelated",TRUE,FALSE
348,14,"Mode",25,"Mode","random","unrelated",TRUE,FALSE
348,15,"Mode",24,"Mode","random","unrelated",TRUE,FALSE
348,16,"Mode",22,NA,NA,NA,NA,NA
353,0,"Mean",6,"Mean","random","unrelated",TRUE,FALSE
353,1,"Mean",20,"Mode","identical","related",FALSE,TRUE
353,2,"Mode",20,"Mode","modified","related",TRUE,TRUE
353,3,"Mode",20,"Median","identical","related",FALSE,TRUE
353,4,"Median",20,"Mean","identical","related",FALSE,TRUE
353,5,"Mean",20,"Mean","modified","related",TRUE,TRUE
353,6,"Mean",20,"Mean","modified","related",TRUE,TRUE
353,7,"Mean",20,"Median","identical","related",FALSE,TRUE
353,8,"Median",20,"Median","modified","related",TRUE,TRUE
353,9,"Median",20,"Median","random","unrelated",TRUE,FALSE
353,10,"Median",30,"Median","random","unrelated",TRUE,FALSE
353,11,"Median",29,"Mode","identical","related",FALSE,TRUE
353,12,"Mode",29,"Mode","random","unrelated",TRUE,FALSE
353,13,"Mode",12,"Mode","modified","related",TRUE,TRUE
353,14,"Mode",12,"Mode","modified","related",TRUE,TRUE
353,15,"Mode",12,NA,NA,NA,NA,NA
382,0,"Mean",19,"Mean","modified","related",TRUE,TRUE
382,1,"Mean",19,"Mean","random","unrelated",TRUE,FALSE
382,2,"Mean",14,"Mean","random","unrelated",TRUE,FALSE
382,3,"Mean",4,"Mean","modified","related",TRUE,TRUE
382,4,"Mean",4,"Mean","modified","related",TRUE,TRUE
382,5,"Mean",4,"Median","identical","related",FALSE,TRUE
382,6,"Median",4,"Median","modified","related",TRUE,TRUE
382,7,"Median",4,"Median","random","unrelated",TRUE,FALSE
382,8,"Median",15,"Median","modified","related",TRUE,TRUE
382,9,"Median",15,"Median","random","unrelated",TRUE,FALSE
382,10,"Median",12,"Mode","identical","related",FALSE,TRUE
382,11,"Mode",12,"Mode","modified","related",TRUE,TRUE
382,12,"Mode",12,"Mode","modified","related",TRUE,TRUE
382,13,"Mode",12,"Mode","random","unrelated",TRUE,FALSE
382,14,"Mode",3,"Mode","random","unrelated",TRUE,FALSE
382,15,"Mode",32,NA,NA,NA,NA,NA
390,0,"Mean",5,"Mean","modified","related",TRUE,TRUE
390,1,"Mean",5,"Mean","random","unrelated",TRUE,FALSE
390,2,"Mean",11,"Mean","modified","related",TRUE,TRUE
390,3,"Mean",11,"Mean","modified","related",TRUE,TRUE
390,4,"Mean",11,"Mean","modified","related",TRUE,TRUE
390,5,"Mean",11,"Median","identical","related",FALSE,TRUE
390,6,"Median",11,"Median","random","unrelated",TRUE,FALSE
390,7,"Median",32,"Median","random","unrelated",TRUE,FALSE
390,8,"Median",4,"Median","random","unrelated",TRUE,FALSE
390,9,"Median",1,"Median","modified","related",TRUE,TRUE
390,10,"Median",1,"Mode","identical","related",FALSE,TRUE
390,11,"Mode",1,"Mode","random","unrelated",TRUE,FALSE
390,12,"Mode",23,"Mode","random","unrelated",TRUE,FALSE
390,13,"Mode",2,"Mode","random","unrelated",TRUE,FALSE
390,14,"Mode",13,"Mode","random","unrelated",TRUE,FALSE
390,15,"Mode",7,NA,NA,NA,NA,NA
392,0,"Mean",10,"Mean","modified","related",TRUE,TRUE
392,1,"Mean",10,"Mean","random","unrelated",TRUE,FALSE
392,2,"Mean",14,"Mean","random","unrelated",TRUE,FALSE
392,3,"Mean",24,"Mean","random","unrelated",TRUE,FALSE
392,4,"Mean",13,"Median","identical","related",FALSE,TRUE
392,5,"Median",13,"Median","modified","related",TRUE,TRUE
392,6,"Median",13,"Median","modified","related",TRUE,TRUE
392,7,"Median",13,"Median","random","unrelated",TRUE,FALSE
392,8,"Median",22,"Median","modified","related",TRUE,TRUE
392,9,"Median",22,"Mode","identical","related",FALSE,TRUE
392,10,"Mode",22,"Mode","modified","related",TRUE,TRUE
392,11,"Mode",22,"Mode","modified","related",TRUE,TRUE
392,12,"Mode",22,"Mode","random","unrelated",TRUE,FALSE
392,13,"Mode",28,"Mode","random","unrelated",TRUE,FALSE
392,14,"Mode",7,NA,NA,NA,NA,NA
396,0,"Mean",8,"Mean","modified","related",TRUE,TRUE
396,1,"Mean",8,"Mean","random","unrelated",TRUE,FALSE
396,2,"Mean",25,"Mode","random","unrelated",FALSE,FALSE
396,3,"Mode",29,"Mode","random","unrelated",TRUE,FALSE
396,4,"Mode",14,"Mode","random","unrelated",TRUE,FALSE
396,5,"Mode",26,"Mode","modified","related",TRUE,TRUE
396,6,"Mode",26,"Mode","random","unrelated",TRUE,FALSE
396,7,"Mode",1,"Mode","random","unrelated",TRUE,FALSE
396,8,"Mode",30,"Median","identical","related",FALSE,TRUE
396,9,"Median",30,"Median","random","unrelated",TRUE,FALSE
396,10,"Median",17,"Median","modified","related",TRUE,TRUE
396,11,"Median",17,"Median","modified","related",TRUE,TRUE
396,12,"Median",17,"Median","modified","related",TRUE,TRUE
396,13,"Median",17,"Median","modified","related",TRUE,TRUE
396,14,"Median",17,"Mean","identical","related",FALSE,TRUE
396,15,"Mean",17,"Mean","random","unrelated",TRUE,FALSE
396,16,"Mean",20,"Mean","modified","related",TRUE,TRUE
396,17,"Mean",20,NA,NA,NA,NA,NA
414,0,"Mean",28,"Mean","modified","related",TRUE,TRUE
414,1,"Mean",28,"Mean","modified","related",TRUE,TRUE
414,2,"Mean",28,"Mean","modified","related",TRUE,TRUE
414,3,"Mean",28,"Mean","modified","related",TRUE,TRUE
414,4,"Mean",28,"Mean","modified","related",TRUE,TRUE
414,5,"Mean",28,"Median","identical","related",FALSE,TRUE
414,6,"Median",28,"Median","random","unrelated",TRUE,FALSE
414,7,"Median",30,"Median","random","unrelated",TRUE,FALSE
414,8,"Median",14,"Median","random","unrelated",TRUE,FALSE
414,9,"Median",26,"Median","random","unrelated",TRUE,FALSE
414,10,"Median",31,"Mode","identical","related",FALSE,TRUE
414,11,"Mode",31,"Mode","modified","related",TRUE,TRUE
414,12,"Mode",31,"Mode","modified","related",TRUE,TRUE
414,13,"Mode",31,"Mode","modified","related",TRUE,TRUE
414,14,"Mode",31,"Mode","modified","related",TRUE,TRUE
414,15,"Mode",31,"Mode","modified","related",TRUE,TRUE
414,16,"Mode",31,NA,NA,NA,NA,NA
420,0,"Mean",7,"Mean","modified","related",TRUE,TRUE
420,1,"Mean",7,"Mode","identical","related",FALSE,TRUE
420,2,"Mode",7,"Mode","random","unrelated",TRUE,FALSE
420,3,"Mode",15,"Mode","random","unrelated",TRUE,FALSE
420,4,"Mode",8,"Mode","modified","related",TRUE,TRUE
420,5,"Mode",8,"Mode","random","unrelated",TRUE,FALSE
420,6,"Mode",25,"Mode","random","unrelated",TRUE,FALSE
420,7,"Mode",14,"Median","identical","related",FALSE,TRUE
420,8,"Median",14,"Median","modified","related",TRUE,TRUE
420,9,"Median",14,"Median","random","unrelated",TRUE,FALSE
420,10,"Median",26,"Median","modified","related",TRUE,TRUE
420,11,"Median",26,"Median","random","unrelated",TRUE,FALSE
420,12,"Median",31,"Mean","identical","related",FALSE,TRUE
420,13,"Mean",31,"Mean","modified","related",TRUE,TRUE
420,14,"Mean",31,"Mean","modified","related",TRUE,TRUE
420,15,"Mean",31,NA,NA,NA,NA,NA
427,0,"Mean",9,"Mean","random","unrelated",TRUE,FALSE
427,1,"Mean",17,"Mean","random","unrelated",TRUE,FALSE
427,2,"Mean",7,"Mean","random","unrelated",TRUE,FALSE
427,3,"Mean",24,"Mean","random","unrelated",TRUE,FALSE
427,4,"Mean",27,"Median","identical","related",FALSE,TRUE
427,5,"Median",27,"Median","random","unrelated",TRUE,FALSE
427,6,"Median",19,"Median","modified","related",TRUE,TRUE
427,7,"Median",19,"Median","random","unrelated",TRUE,FALSE
427,8,"Median",22,"Median","random","unrelated",TRUE,FALSE
427,9,"Median",11,"Mode","random","unrelated",FALSE,FALSE
427,10,"Mode",29,"Mode","modified","related",TRUE,TRUE
427,11,"Mode",29,"Mode","modified","related",TRUE,TRUE
427,12,"Mode",29,"Mode","modified","related",TRUE,TRUE
427,13,"Mode",29,"Mode","modified","related",TRUE,TRUE
427,14,"Mode",29,NA,NA,NA,NA,NA
443,0,"Mean",18,"Mode","random","unrelated",FALSE,FALSE
443,1,"Mode",31,"Mode","random","unrelated",TRUE,FALSE
443,2,"Mode",8,"Mode","modified","related",TRUE,TRUE
443,3,"Mode",8,"Mode","modified","related",TRUE,TRUE
443,4,"Mode",8,"Mode","random","unrelated",TRUE,FALSE
443,5,"Mode",3,"Mode","modified","related",TRUE,TRUE
443,6,"Mode",3,"Mean","random","unrelated",FALSE,FALSE
443,7,"Mean",12,"Mean","modified","related",TRUE,TRUE
443,8,"Mean",12,"Mean","random","unrelated",TRUE,FALSE
443,9,"Mean",21,"Mean","modified","related",TRUE,TRUE
443,10,"Mean",21,"Mean","modified","related",TRUE,TRUE
443,11,"Mean",21,"Median","identical","related",FALSE,TRUE
443,12,"Median",21,"Median","modified","related",TRUE,TRUE
443,13,"Median",21,"Median","random","unrelated",TRUE,FALSE
443,14,"Median",20,"Median","modified","related",TRUE,TRUE
443,15,"Median",20,"Median","modified","related",TRUE,TRUE
443,16,"Median",20,NA,NA,NA,NA,NA
448,0,"Mean",2,"Mode","identical","related",FALSE,TRUE
448,1,"Mode",2,"Mode","random","unrelated",TRUE,FALSE
448,2,"Mode",11,"Mode","modified","related",TRUE,TRUE
448,3,"Mode",11,"Mode","modified","related",TRUE,TRUE
448,4,"Mode",11,"Mode","modified","related",TRUE,TRUE
448,5,"Mode",11,"Mode","random","unrelated",TRUE,FALSE
448,6,"Mode",9,"Mean","identical","related",FALSE,TRUE
448,7,"Mean",9,"Mean","modified","related",TRUE,TRUE
448,8,"Mean",9,"Median","identical","related",FALSE,TRUE
448,9,"Median",9,"Median","random","unrelated",TRUE,FALSE
448,10,"Median",23,"Median","modified","related",TRUE,TRUE
448,11,"Median",23,"Median","modified","related",TRUE,TRUE
448,12,"Median",23,"Median","random","unrelated",TRUE,FALSE
448,13,"Median",15,"Mean","identical","related",FALSE,TRUE
448,14,"Mean",15,"Median","modified","related",FALSE,TRUE
448,15,"Median",15,"Mean","random","unrelated",FALSE,FALSE
448,16,"Mean",17,NA,NA,NA,NA,NA
452,0,"Mean",19,"Mean","modified","related",TRUE,TRUE
452,1,"Mean",19,"Mean","random","unrelated",TRUE,FALSE
452,2,"Mean",5,"Median","identical","related",FALSE,TRUE
452,3,"Median",5,"Median","modified","related",TRUE,TRUE
452,4,"Median",5,"Median","random","unrelated",TRUE,FALSE
452,5,"Median",15,"Mean","random","unrelated",FALSE,FALSE
452,6,"Mean",2,"Mean","modified","related",TRUE,TRUE
452,7,"Mean",2,"Mean","modified","related",TRUE,TRUE
452,8,"Mean",2,"Median","identical","related",FALSE,TRUE
452,9,"Median",2,"Median","random","unrelated",TRUE,FALSE
452,10,"Median",9,"Median","random","unrelated",TRUE,FALSE
452,11,"Median",24,"Mode","identical","related",FALSE,TRUE
452,12,"Mode",24,"Mode","random","unrelated",TRUE,FALSE
452,13,"Mode",31,"Mode","modified","related",TRUE,TRUE
452,14,"Mode",31,"Mode","modified","related",TRUE,TRUE
452,15,"Mode",31,"Mode","modified","related",TRUE,TRUE
452,16,"Mode",31,"Mode","modified","related",TRUE,TRUE
452,17,"Mode",31,NA,NA,NA,NA,NA
456,0,"Mean",31,"Mean","modified","related",TRUE,TRUE
456,1,"Mean",31,"Mode","identical","related",FALSE,TRUE
456,2,"Mode",31,"Mode","modified","related",TRUE,TRUE
456,3,"Mode",31,"Mode","modified","related",TRUE,TRUE
456,4,"Mode",31,"Mode","random","unrelated",TRUE,FALSE
456,5,"Mode",11,"Mode","random","unrelated",TRUE,FALSE
456,6,"Mode",24,"Median","identical","related",FALSE,TRUE
456,7,"Median",24,"Median","modified","related",TRUE,TRUE
456,8,"Median",24,"Median","modified","related",TRUE,TRUE
456,9,"Median",24,"Median","modified","related",TRUE,TRUE
456,10,"Median",24,"Median","modified","related",TRUE,TRUE
456,11,"Median",24,"Median","modified","related",TRUE,TRUE
456,12,"Median",24,"Mean","identical","related",FALSE,TRUE
456,13,"Mean",24,"Mean","random","unrelated",TRUE,FALSE
456,14,"Mean",21,"Mean","random","unrelated",TRUE,FALSE
456,15,"Mean",5,NA,NA,NA,NA,NA
458,0,"Mean",28,"Median","identical","related",FALSE,TRUE
458,1,"Median",28,"Mode","identical","related",FALSE,TRUE
458,2,"Mode",28,"Median","modified","related",FALSE,TRUE
458,3,"Median",28,"Mean","random","unrelated",FALSE,FALSE
458,4,"Mean",9,"Mean","modified","related",TRUE,TRUE
458,5,"Mean",9,"Mean","random","unrelated",TRUE,FALSE
458,6,"Mean",10,"Mean","modified","related",TRUE,TRUE
458,7,"Mean",10,"Median","identical","related",FALSE,TRUE
458,8,"Median",10,"Median","modified","related",TRUE,TRUE
458,9,"Median",10,"Median","random","unrelated",TRUE,FALSE
458,10,"Median",15,"Mode","identical","related",FALSE,TRUE
458,11,"Mode",15,"Mode","random","unrelated",TRUE,FALSE
458,12,"Mode",12,"Mode","random","unrelated",TRUE,FALSE
458,13,"Mode",19,"Mode","modified","related",TRUE,TRUE
458,14,"Mode",19,"Mode","modified","related",TRUE,TRUE
458,15,"Mode",19,"Mode","random","unrelated",TRUE,FALSE
458,16,"Mode",7,NA,NA,NA,NA,NA
463,0,"Mean",3,"Mean","modified","related",TRUE,TRUE
463,1,"Mean",3,"Mean","modified","related",TRUE,TRUE
463,2,"Mean",3,"Mean","random","unrelated",TRUE,FALSE
463,3,"Mean",27,"Mean","modified","related",TRUE,TRUE
463,4,"Mean",27,"Median","random","unrelated",FALSE,FALSE
463,5,"Median",32,"Median","modified","related",TRUE,TRUE
463,6,"Median",32,"Median","modified","related",TRUE,TRUE
463,7,"Median",32,"Median","random","unrelated",TRUE,FALSE
463,8,"Median",7,"Median","modified","related",TRUE,TRUE
463,9,"Median",7,"Mode","random","unrelated",FALSE,FALSE
463,10,"Mode",25,"Mode","modified","related",TRUE,TRUE
463,11,"Mode",25,"Mode","modified","related",TRUE,TRUE
463,12,"Mode",25,"Mode","random","unrelated",TRUE,FALSE
463,13,"Mode",6,"Mode","modified","related",TRUE,TRUE
463,14,"Mode",6,NA,NA,NA,NA,NA
470,0,"Mean",6,"Median","identical","related",FALSE,TRUE
470,1,"Median",6,"Median","modified","related",TRUE,TRUE
470,2,"Median",6,"Median","modified","related",TRUE,TRUE
470,3,"Median",6,"Median","random","unrelated",TRUE,FALSE
470,4,"Median",27,"Mean","random","unrelated",FALSE,FALSE
470,5,"Mean",7,"Mean","random","unrelated",TRUE,FALSE
470,6,"Mean",2,"Mean","random","unrelated",TRUE,FALSE
470,7,"Mean",23,"Mean","random","unrelated",TRUE,FALSE
470,8,"Mean",18,"Mean","random","unrelated",TRUE,FALSE
470,9,"Mean",9,"Mode","identical","related",FALSE,TRUE
470,10,"Mode",9,"Mode","modified","related",TRUE,TRUE
470,11,"Mode",9,"Mode","modified","related",TRUE,TRUE
470,12,"Mode",9,"Mode","modified","related",TRUE,TRUE
470,13,"Mode",9,"Mode","modified","related",TRUE,TRUE
470,14,"Mode",9,"Median","identical","related",FALSE,TRUE
470,15,"Median",9,NA,NA,NA,NA,NA
473,0,"Mean",29,"Mean","modified","related",TRUE,TRUE
473,1,"Mean",29,"Mean","modified","related",TRUE,TRUE
473,2,"Mean",29,"Mean","random","unrelated",TRUE,FALSE
473,3,"Mean",26,"Mean","random","unrelated",TRUE,FALSE
473,4,"Mean",14,"Median","random","unrelated",FALSE,FALSE
473,5,"Median",9,"Median","modified","related",TRUE,TRUE
473,6,"Median",9,"Median","random","unrelated",TRUE,FALSE
473,7,"Median",2,"Median","modified","related",TRUE,TRUE
473,8,"Median",27,"Median","modified","related",TRUE,TRUE
473,9,"Median",27,"Median","modified","related",TRUE,TRUE
473,10,"Median",27,"Mode","identical","related",FALSE,TRUE
473,11,"Mode",27,"Mode","random","unrelated",TRUE,FALSE
473,12,"Mode",17,"Mode","modified","related",TRUE,TRUE
473,13,"Mode",17,"Mode","modified","related",TRUE,TRUE
473,14,"Mode",17,"Mode","modified","related",TRUE,TRUE
473,15,"Mode",17,"Mode","random","unrelated",TRUE,FALSE
473,16,"Mode",29,NA,NA,NA,NA,NA
478,0,"Mean",3,"Median","random","unrelated",FALSE,FALSE
478,1,"Median",26,"Median","modified","related",TRUE,TRUE
478,2,"Median",26,"Median","random","unrelated",TRUE,FALSE
478,3,"Median",25,"Mode","identical","related",FALSE,TRUE
478,4,"Mode",25,"Mode","random","unrelated",TRUE,FALSE
478,5,"Mode",22,"Mode","random","unrelated",TRUE,FALSE
478,6,"Mode",19,"Mode","random","unrelated",TRUE,FALSE
478,7,"Mode",30,"Mode","random","unrelated",TRUE,FALSE
478,8,"Mode",15,"Median","random","unrelated",FALSE,FALSE
478,9,"Median",11,"Median","modified","related",TRUE,TRUE
478,10,"Median",11,"Mean","random","unrelated",FALSE,FALSE
478,11,"Mean",23,"Mean","modified","related",TRUE,TRUE
478,12,"Mean",23,"Mean","modified","related",TRUE,TRUE
478,13,"Mean",23,"Mean","modified","related",TRUE,TRUE
478,14,"Mean",23,NA,NA,NA,NA,NA
501,0,"Mean",19,"Mode","random","unrelated",FALSE,FALSE
501,1,"Mode",8,"Mode","modified","related",TRUE,TRUE
501,2,"Mode",8,"Median","random","unrelated",FALSE,FALSE
501,3,"Median",12,"Median","modified","related",TRUE,TRUE
501,4,"Median",12,"Median","modified","related",TRUE,TRUE
501,5,"Median",12,"Median","random","unrelated",TRUE,FALSE
501,6,"Median",16,"Median","random","unrelated",TRUE,FALSE
501,7,"Median",24,"Mode","identical","related",FALSE,TRUE
501,8,"Mode",24,"Mode","random","unrelated",TRUE,FALSE
501,9,"Mode",4,"Mean","identical","related",FALSE,TRUE
501,10,"Mean",4,"Mean","random","unrelated",TRUE,FALSE
501,11,"Mean",31,"Mean","modified","related",TRUE,TRUE
501,12,"Mean",31,"Mean","modified","related",TRUE,TRUE
501,13,"Mean",31,"Mean","modified","related",TRUE,TRUE
501,14,"Mean",31,"Mode","random","unrelated",FALSE,FALSE
501,15,"Mode",26,NA,NA,NA,NA,NA
503,0,"Mean",24,"Median","identical","related",FALSE,TRUE
503,1,"Median",24,"Mean","modified","related",FALSE,TRUE
503,2,"Mean",24,"Mean","modified","related",TRUE,TRUE
503,3,"Mean",24,"Mean","modified","related",TRUE,TRUE
503,4,"Mean",24,"Mean","random","unrelated",TRUE,FALSE
503,5,"Mean",27,"Mean","modified","related",TRUE,TRUE
503,6,"Mean",27,"Median","identical","related",FALSE,TRUE
503,7,"Median",27,"Median","random","unrelated",TRUE,FALSE
503,8,"Median",16,"Median","modified","related",TRUE,TRUE
503,9,"Median",16,"Median","modified","related",TRUE,TRUE
503,10,"Median",16,"Mode","identical","related",FALSE,TRUE
503,11,"Mode",16,"Mode","modified","related",TRUE,TRUE
503,12,"Mode",16,"Mode","random","unrelated",TRUE,FALSE
503,13,"Mode",5,"Mode","modified","related",TRUE,TRUE
503,14,"Mode",5,"Mode","random","unrelated",TRUE,FALSE
503,15,"Mode",3,NA,NA,NA,NA,NA
508,0,"Mean",31,"Mean","modified","related",TRUE,TRUE
508,1,"Mean",31,"Mean","random","unrelated",TRUE,FALSE
508,2,"Mean",6,"Mean","modified","related",TRUE,TRUE
508,3,"Mean",6,"Mean","modified","related",TRUE,TRUE
508,4,"Mean",6,"Median","identical","related",FALSE,TRUE
508,5,"Median",6,"Median","modified","related",TRUE,TRUE
508,6,"Median",6,"Median","modified","related",TRUE,TRUE
508,7,"Median",6,"Median","random","unrelated",TRUE,FALSE
508,8,"Median",19,"Median","random","unrelated",TRUE,FALSE
508,9,"Median",32,"Median","modified","related",TRUE,TRUE
508,10,"Median",32,"Mode","identical","related",FALSE,TRUE
508,11,"Mode",32,"Mode","modified","related",TRUE,TRUE
508,12,"Mode",32,"Mode","random","unrelated",TRUE,FALSE
508,13,"Mode",21,"Mode","modified","related",TRUE,TRUE
508,14,"Mode",21,"Mode","modified","related",TRUE,TRUE
508,15,"Mode",21,NA,NA,NA,NA,NA
510,0,"Mean",11,"Mean","modified","related",TRUE,TRUE
510,1,"Mean",11,"Mean","random","unrelated",TRUE,FALSE
510,2,"Mean",14,"Mean","modified","related",TRUE,TRUE
510,3,"Mean",14,"Mean","random","unrelated",TRUE,FALSE
510,4,"Mean",18,"Median","identical","related",FALSE,TRUE
510,5,"Median",18,"Median","modified","related",TRUE,TRUE
510,6,"Median",18,"Median","random","unrelated",TRUE,FALSE
510,7,"Median",10,"Median","modified","related",TRUE,TRUE
510,8,"Median",10,"Median","random","unrelated",TRUE,FALSE
510,9,"Median",25,"Mode","identical","related",FALSE,TRUE
510,10,"Mode",25,"Mode","modified","related",TRUE,TRUE
510,11,"Mode",25,"Mode","random","unrelated",TRUE,FALSE
510,12,"Mode",30,"Mode","modified","related",TRUE,TRUE
510,13,"Mode",30,"Mode","random","unrelated",TRUE,FALSE
510,14,"Mode",21,NA,NA,NA,NA,NA
513,0,"Mean",19,"Mean","modified","related",TRUE,TRUE
513,1,"Mean",19,"Mean","modified","related",TRUE,TRUE
513,2,"Mean",19,"Mean","random","unrelated",TRUE,FALSE
513,3,"Mean",15,"Mean","modified","related",TRUE,TRUE
513,4,"Mean",15,"Median","identical","related",FALSE,TRUE
513,5,"Median",15,"Median","modified","related",TRUE,TRUE
513,6,"Median",15,"Median","random","unrelated",TRUE,FALSE
513,7,"Median",13,"Median","random","unrelated",TRUE,FALSE
513,8,"Median",24,"Median","modified","related",TRUE,TRUE
513,9,"Median",24,"Mode","random","unrelated",FALSE,FALSE
513,10,"Mode",12,"Mode","modified","related",TRUE,TRUE
513,11,"Mode",12,"Mode","modified","related",TRUE,TRUE
513,12,"Mode",12,"Mode","modified","related",TRUE,TRUE
513,13,"Mode",12,"Mode","random","unrelated",TRUE,FALSE
513,14,"Mode",2,NA,NA,NA,NA,NA
516,0,"Mean",5,"Mean","modified","related",TRUE,TRUE
516,1,"Mean",5,"Median","identical","related",FALSE,TRUE
516,2,"Median",5,"Mode","identical","related",FALSE,TRUE
516,3,"Mode",5,"Mode","modified","related",TRUE,TRUE
516,4,"Mode",5,"Mode","modified","related",TRUE,TRUE
516,5,"Mode",5,"Mode","random","unrelated",TRUE,FALSE
516,6,"Mode",4,"Mode","random","unrelated",TRUE,FALSE
516,7,"Mode",29,"Mean","random","unrelated",FALSE,FALSE
516,8,"Mean",26,"Mean","modified","related",TRUE,TRUE
516,9,"Mean",26,"Median","identical","related",FALSE,TRUE
516,10,"Median",26,"Median","random","unrelated",TRUE,FALSE
516,11,"Median",10,"Median","modified","related",TRUE,TRUE
516,12,"Median",10,"Median","random","unrelated",TRUE,FALSE
516,13,"Median",18,"Mean","identical","related",FALSE,TRUE
516,14,"Mean",18,"Mean","modified","related",TRUE,TRUE
516,15,"Mean",18,NA,NA,NA,NA,NA
525,0,"Mean",28,"Mean","modified","related",TRUE,TRUE
525,1,"Mean",28,"Mean","random","unrelated",TRUE,FALSE
525,2,"Mean",26,"Mean","random","unrelated",TRUE,FALSE
525,3,"Mean",19,"Mean","random","unrelated",TRUE,FALSE
525,4,"Mean",13,"Mean","random","unrelated",TRUE,FALSE
525,5,"Mean",12,"Median","identical","related",FALSE,TRUE
525,6,"Median",12,"Median","modified","related",TRUE,TRUE
525,7,"Median",12,"Median","modified","related",TRUE,TRUE
525,8,"Median",12,"Median","modified","related",TRUE,TRUE
525,9,"Median",12,"Median","modified","related",TRUE,TRUE
525,10,"Median",12,"Mode","identical","related",FALSE,TRUE
525,11,"Mode",12,"Mode","random","unrelated",TRUE,FALSE
525,12,"Mode",16,"Mode","random","unrelated",TRUE,FALSE
525,13,"Mode",15,"Mode","random","unrelated",TRUE,FALSE
525,14,"Mode",22,"Mode","random","unrelated",TRUE,FALSE
525,15,"Mode",29,"Mode","modified","related",TRUE,TRUE
525,16,"Mode",29,NA,NA,NA,NA,NA
528,0,"Mean",24,"Mean","modified","related",TRUE,TRUE
528,1,"Mean",24,"Mean","modified","related",TRUE,TRUE
528,2,"Mean",24,"Mean","modified","related",TRUE,TRUE
528,3,"Mean",24,"Mean","random","unrelated",TRUE,FALSE
528,4,"Mean",5,"Median","identical","related",FALSE,TRUE
528,5,"Median",5,"Median","random","unrelated",TRUE,FALSE
528,6,"Median",22,"Median","random","unrelated",TRUE,FALSE
528,7,"Median",2,"Median","random","unrelated",TRUE,FALSE
528,8,"Median",18,"Median","modified","related",TRUE,TRUE
528,9,"Median",18,"Median","random","unrelated",TRUE,FALSE
528,10,"Median",8,"Mode","identical","related",FALSE,TRUE
528,11,"Mode",8,"Mode","random","unrelated",TRUE,FALSE
528,12,"Mode",25,"Mode","random","unrelated",TRUE,FALSE
528,13,"Mode",30,"Mode","modified","related",TRUE,TRUE
528,14,"Mode",30,"Mode","modified","related",TRUE,TRUE
528,15,"Mode",30,"Mode","random","unrelated",TRUE,FALSE
528,16,"Mode",26,NA,NA,NA,NA,NA
540,0,"Mean",11,"Mean","modified","related",TRUE,TRUE
540,1,"Mean",11,"Mean","random","unrelated",TRUE,FALSE
540,2,"Mean",4,"Mean","modified","related",TRUE,TRUE
540,3,"Mean",4,"Mean","random","unrelated",TRUE,FALSE
540,4,"Mean",22,"Median","identical","related",FALSE,TRUE
540,5,"Median",22,"Median","modified","related",TRUE,TRUE
540,6,"Median",22,"Median","random","unrelated",TRUE,FALSE
540,7,"Median",1,"Median","modified","related",TRUE,TRUE
540,8,"Median",1,"Median","random","unrelated",TRUE,FALSE
540,9,"Median",6,"Median","random","unrelated",TRUE,FALSE
540,10,"Median",32,"Mode","identical","related",FALSE,TRUE
540,11,"Mode",32,"Mode","modified","related",TRUE,TRUE
540,12,"Mode",32,"Mode","random","unrelated",TRUE,FALSE
540,13,"Mode",9,"Mode","modified","related",TRUE,TRUE
540,14,"Mode",9,"Mode","random","unrelated",TRUE,FALSE
540,15,"Mode",24,NA,NA,NA,NA,NA
553,0,"Mean",26,"Mean","modified","related",TRUE,TRUE
553,1,"Mean",26,"Mode","identical","related",FALSE,TRUE
553,2,"Mode",26,"Mode","modified","related",TRUE,TRUE
553,3,"Mode",26,"Mode","modified","related",TRUE,TRUE
553,4,"Mode",26,"Mode","random","unrelated",TRUE,FALSE
553,5,"Mode",6,"Median","identical","related",FALSE,TRUE
553,6,"Median",6,"Median","random","unrelated",TRUE,FALSE
553,7,"Median",2,"Mode","identical","related",FALSE,TRUE
553,8,"Mode",2,"Mean","identical","related",FALSE,TRUE
553,9,"Mean",2,"Mean","random","unrelated",TRUE,FALSE
553,10,"Mean",23,"Mean","random","unrelated",TRUE,FALSE
553,11,"Mean",5,"Median","identical","related",FALSE,TRUE
553,12,"Median",5,"Median","modified","related",TRUE,TRUE
553,13,"Median",5,"Median","modified","related",TRUE,TRUE
553,14,"Median",5,NA,NA,NA,NA,NA
585,0,"Mean",12,"Mean","modified","related",TRUE,TRUE
585,1,"Mean",12,"Mean","random","unrelated",TRUE,FALSE
585,2,"Mean",13,"Mean","modified","related",TRUE,TRUE
585,3,"Mean",13,"Mean","modified","related",TRUE,TRUE
585,4,"Mean",13,"Mean","modified","related",TRUE,TRUE
585,5,"Mean",13,"Mean","modified","related",TRUE,TRUE
585,6,"Mean",13,"Median","identical","related",FALSE,TRUE
585,7,"Median",13,"Median","modified","related",TRUE,TRUE
585,8,"Median",13,"Median","modified","related",TRUE,TRUE
585,9,"Median",13,"Median","random","unrelated",TRUE,FALSE
585,10,"Median",14,"Median","random","unrelated",TRUE,FALSE
585,11,"Median",29,"Median","random","unrelated",TRUE,FALSE
585,12,"Median",10,"Mode","identical","related",FALSE,TRUE
585,13,"Mode",10,"Mode","modified","related",TRUE,TRUE
585,14,"Mode",10,"Mode","modified","related",TRUE,TRUE
585,15,"Mode",10,"Mode","modified","related",TRUE,TRUE
585,16,"Mode",10,"Mode","random","unrelated",TRUE,FALSE
585,17,"Mode",25,"Mode","modified","related",TRUE,TRUE
585,18,"Mode",25,NA,NA,NA,NA,NA
586,0,"Mean",8,"Mean","modified","related",TRUE,TRUE
586,1,"Mean",8,"Mean","random","unrelated",TRUE,FALSE
586,2,"Mean",20,"Mean","random","unrelated",TRUE,FALSE
586,3,"Mean",30,"Mean","random","unrelated",TRUE,FALSE
586,4,"Mean",1,"Mean","modified","related",TRUE,TRUE
586,5,"Mean",1,"Mean","modified","related",TRUE,TRUE
586,6,"Mean",1,"Median","identical","related",FALSE,TRUE
586,7,"Median",1,"Median","modified","related",TRUE,TRUE
586,8,"Median",1,"Median","modified","related",TRUE,TRUE
586,9,"Median",1,"Median","modified","related",TRUE,TRUE
586,10,"Median",1,"Median","random","unrelated",TRUE,FALSE
586,11,"Median",11,"Median","random","unrelated",TRUE,FALSE
586,12,"Median",19,"Mode","identical","related",FALSE,TRUE
586,13,"Mode",19,"Mode","random","unrelated",TRUE,FALSE
586,14,"Mode",25,"Mode","random","unrelated",TRUE,FALSE
586,15,"Mode",2,"Mode","random","unrelated",TRUE,FALSE
586,16,"Mode",23,"Mode","modified","related",TRUE,TRUE
586,17,"Mode",23,"Mode","random","unrelated",TRUE,FALSE
586,18,"Mode",13,"Mode","random","unrelated",TRUE,FALSE
586,19,"Mode",3,NA,NA,NA,NA,NA
587,0,"Mean",29,"Mean","random","unrelated",TRUE,FALSE
587,1,"Mean",27,"Mean","modified","related",TRUE,TRUE
587,2,"Mean",27,"Mean","random","unrelated",TRUE,FALSE
587,3,"Mean",13,"Mean","modified","related",TRUE,TRUE
587,4,"Mean",13,"Mean","modified","related",TRUE,TRUE
587,5,"Mean",13,"Median","random","unrelated",FALSE,FALSE
587,6,"Median",20,"Median","modified","related",TRUE,TRUE
587,7,"Median",20,"Median","random","unrelated",TRUE,FALSE
587,8,"Median",12,"Median","modified","related",TRUE,TRUE
587,9,"Median",12,"Median","modified","related",TRUE,TRUE
587,10,"Median",12,"Mode","identical","related",FALSE,TRUE
587,11,"Mode",12,"Mode","random","unrelated",TRUE,FALSE
587,12,"Mode",15,"Mode","modified","related",TRUE,TRUE
587,13,"Mode",15,"Mode","modified","related",TRUE,TRUE
587,14,"Mode",15,"Mode","modified","related",TRUE,TRUE
587,15,"Mode",15,NA,NA,NA,NA,NA
597,0,"Mean",23,"Mean","modified","related",TRUE,TRUE
597,1,"Mean",23,"Mean","random","unrelated",TRUE,FALSE
597,2,"Mean",21,"Mean","modified","related",TRUE,TRUE
597,3,"Mean",21,"Mean","random","unrelated",TRUE,FALSE
597,4,"Mean",26,"Median","identical","related",FALSE,TRUE
597,5,"Median",26,"Median","modified","related",TRUE,TRUE
597,6,"Median",26,"Median","random","unrelated",TRUE,FALSE
597,7,"Median",29,"Median","modified","related",TRUE,TRUE
597,8,"Median",29,"Median","random","unrelated",TRUE,FALSE
597,9,"Median",3,"Mode","identical","related",FALSE,TRUE
597,10,"Mode",3,"Mode","modified","related",TRUE,TRUE
597,11,"Mode",3,"Mode","random","unrelated",TRUE,FALSE
597,12,"Mode",16,"Mode","modified","related",TRUE,TRUE
597,13,"Mode",16,"Mode","random","unrelated",TRUE,FALSE
597,14,"Mode",32,NA,NA,NA,NA,NA
598,0,"Mean",1,"Mean","modified","related",TRUE,TRUE
598,1,"Mean",1,"Mean","modified","related",TRUE,TRUE
598,2,"Mean",1,"Mean","modified","related",TRUE,TRUE
598,3,"Mean",1,"Mean","random","unrelated",TRUE,FALSE
598,4,"Mean",11,"Median","identical","related",FALSE,TRUE
598,5,"Median",11,"Median","random","unrelated",TRUE,FALSE
598,6,"Median",13,"Median","modified","related",TRUE,TRUE
598,7,"Median",13,"Median","modified","related",TRUE,TRUE
598,8,"Median",13,"Median","modified","related",TRUE,TRUE
598,9,"Median",13,"Mode","identical","related",FALSE,TRUE
598,10,"Mode",13,"Mode","modified","related",TRUE,TRUE
598,11,"Mode",13,"Mode","random","unrelated",TRUE,FALSE
598,12,"Mode",2,"Mode","random","unrelated",TRUE,FALSE
598,13,"Mode",10,"Mode","modified","related",TRUE,TRUE
598,14,"Mode",10,"Mode","modified","related",TRUE,TRUE
598,15,"Mode",10,NA,NA,NA,NA,NA
604,0,"Mean",29,"Mode","identical","related",FALSE,TRUE
604,1,"Mode",29,"Mode","random","unrelated",TRUE,FALSE
604,2,"Mode",19,"Mode","modified","related",TRUE,TRUE
604,3,"Mode",19,"Mode","random","unrelated",TRUE,FALSE
604,4,"Mode",23,"Mode","random","unrelated",TRUE,FALSE
604,5,"Mode",5,"Median","identical","related",FALSE,TRUE
604,6,"Median",5,"Median","modified","related",TRUE,TRUE
604,7,"Median",5,"Median","random","unrelated",TRUE,FALSE
604,8,"Median",26,"Median","modified","related",TRUE,TRUE
604,9,"Median",26,"Median","random","unrelated",TRUE,FALSE
604,10,"Median",21,"Mean","identical","related",FALSE,TRUE
604,11,"Mean",21,"Mean","modified","related",TRUE,TRUE
604,12,"Mean",21,"Mean","modified","related",TRUE,TRUE
604,13,"Mean",21,"Mean","modified","related",TRUE,TRUE
604,14,"Mean",21,"Mean","modified","related",TRUE,TRUE
604,15,"Mean",21,NA,NA,NA,NA,NA
608,0,"Mean",24,"Mean","modified","related",TRUE,TRUE
608,1,"Mean",24,"Mean","modified","related",TRUE,TRUE
608,2,"Mean",24,"Mean","modified","related",TRUE,TRUE
608,3,"Mean",24,"Mean","modified","related",TRUE,TRUE
608,4,"Mean",24,"Mean","modified","related",TRUE,TRUE
608,5,"Mean",24,"Mean","random","unrelated",TRUE,FALSE
608,6,"Mean",5,"Mean","random","unrelated",TRUE,FALSE
608,7,"Mean",1,"Mean","random","unrelated",TRUE,FALSE
608,8,"Mean",21,"Mean","random","unrelated",TRUE,FALSE
608,9,"Mean",26,"Median","identical","related",FALSE,TRUE
608,10,"Median",26,"Median","modified","related",TRUE,TRUE
608,11,"Median",26,"Median","modified","related",TRUE,TRUE
608,12,"Median",26,"Median","random","unrelated",TRUE,FALSE
608,13,"Median",7,"Median","random","unrelated",TRUE,FALSE
608,14,"Median",16,"Median","modified","related",TRUE,TRUE
608,15,"Median",16,"Mode","identical","related",FALSE,TRUE
608,16,"Mode",16,"Mode","modified","related",TRUE,TRUE
608,17,"Mode",16,"Mode","modified","related",TRUE,TRUE
608,18,"Mode",16,"Mode","random","unrelated",TRUE,FALSE
608,19,"Mode",13,"Mode","random","unrelated",TRUE,FALSE
608,20,"Mode",28,"Mode","random","unrelated",TRUE,FALSE
608,21,"Mode",18,NA,NA,NA,NA,NA
631,0,"Mean",23,"Mean","modified","related",TRUE,TRUE
631,1,"Mean",23,"Mean","random","unrelated",TRUE,FALSE
631,2,"Mean",2,"Mean","modified","related",TRUE,TRUE
631,3,"Mean",2,"Mean","random","unrelated",TRUE,FALSE
631,4,"Mean",1,"Median","identical","related",FALSE,TRUE
631,5,"Median",1,"Median","modified","related",TRUE,TRUE
631,6,"Median",1,"Median","modified","related",TRUE,TRUE
631,7,"Median",1,"Median","random","unrelated",TRUE,FALSE
631,8,"Median",30,"Median","modified","related",TRUE,TRUE
631,9,"Median",30,"Median","modified","related",TRUE,TRUE
631,10,"Median",30,"Median","modified","related",TRUE,TRUE
631,11,"Median",30,"Mode","random","unrelated",FALSE,FALSE
631,12,"Mode",10,"Mode","modified","related",TRUE,TRUE
631,13,"Mode",10,"Mode","modified","related",TRUE,TRUE
631,14,"Mode",10,"Mode","random","unrelated",TRUE,FALSE
631,15,"Mode",25,"Mode","modified","related",TRUE,TRUE
631,16,"Mode",25,NA,NA,NA,NA,NA
638,0,"Mean",11,"Mean","modified","related",TRUE,TRUE
638,1,"Mean",11,"Mean","modified","related",TRUE,TRUE
638,2,"Mean",11,"Mean","modified","related",TRUE,TRUE
638,3,"Mean",11,"Mean","modified","related",TRUE,TRUE
638,4,"Mean",11,"Mean","modified","related",TRUE,TRUE
638,5,"Mean",11,"Median","identical","related",FALSE,TRUE
638,6,"Median",11,"Median","modified","related",TRUE,TRUE
638,7,"Median",11,"Median","modified","related",TRUE,TRUE
638,8,"Median",11,"Median","modified","related",TRUE,TRUE
638,9,"Median",11,"Median","modified","related",TRUE,TRUE
638,10,"Median",11,"Median","modified","related",TRUE,TRUE
638,11,"Median",11,"Mode","identical","related",FALSE,TRUE
638,12,"Mode",11,"Mode","random","unrelated",TRUE,FALSE
638,13,"Mode",5,"Mode","random","unrelated",TRUE,FALSE
638,14,"Mode",6,"Mode","random","unrelated",TRUE,FALSE
638,15,"Mode",18,"Mode","random","unrelated",TRUE,FALSE
638,16,"Mode",21,"Mode","random","unrelated",TRUE,FALSE
638,17,"Mode",1,"Mode","random","unrelated",TRUE,FALSE
638,18,"Mode",14,NA,NA,NA,NA,NA
655,0,"Mean",10,"Mean","modified","related",TRUE,TRUE
655,1,"Mean",10,"Mean","modified","related",TRUE,TRUE
655,2,"Mean",10,"Mean","modified","related",TRUE,TRUE
655,3,"Mean",10,"Mean","modified","related",TRUE,TRUE
655,4,"Mean",10,"Mean","modified","related",TRUE,TRUE
655,5,"Mean",10,"Median","identical","related",FALSE,TRUE
655,6,"Median",10,"Median","random","unrelated",TRUE,FALSE
655,7,"Median",8,"Median","modified","related",TRUE,TRUE
655,8,"Median",8,"Median","random","unrelated",TRUE,FALSE
655,9,"Median",4,"Median","modified","related",TRUE,TRUE
655,10,"Median",4,"Median","modified","related",TRUE,TRUE
655,11,"Median",4,"Median","modified","related",TRUE,TRUE
655,12,"Median",4,"Mode","identical","related",FALSE,TRUE
655,13,"Mode",4,"Mode","modified","related",TRUE,TRUE
655,14,"Mode",4,"Mode","random","unrelated",TRUE,FALSE
655,15,"Mode",27,"Mode","modified","related",TRUE,TRUE
655,16,"Mode",27,"Mode","random","unrelated",TRUE,FALSE
655,17,"Mode",20,NA,NA,NA,NA,NA
662,0,"Mean",21,"Mean","modified","related",TRUE,TRUE
662,1,"Mean",21,"Mean","random","unrelated",TRUE,FALSE
662,2,"Mean",32,"Median","identical","related",FALSE,TRUE
662,3,"Median",32,"Mean","random","unrelated",FALSE,FALSE
662,4,"Mean",30,"Mean","random","unrelated",TRUE,FALSE
662,5,"Mean",24,"Median","identical","related",FALSE,TRUE
662,6,"Median",24,"Median","modified","related",TRUE,TRUE
662,7,"Median",24,"Median","modified","related",TRUE,TRUE
662,8,"Median",24,"Median","modified","related",TRUE,TRUE
662,9,"Median",24,"Mode","identical","related",FALSE,TRUE
662,10,"Mode",24,"Mode","modified","related",TRUE,TRUE
662,11,"Mode",24,"Mode","modified","related",TRUE,TRUE
662,12,"Mode",24,"Mode","modified","related",TRUE,TRUE
662,13,"Mode",24,"Mode","random","unrelated",TRUE,FALSE
662,14,"Mode",19,"Mode","random","unrelated",TRUE,FALSE
662,15,"Mode",15,NA,NA,NA,NA,NA
671,0,"Mean",9,"Median","identical","related",FALSE,TRUE
671,1,"Median",9,"Mode","identical","related",FALSE,TRUE
671,2,"Mode",9,"Mean","modified","related",FALSE,TRUE
671,3,"Mean",9,"Mean","random","unrelated",TRUE,FALSE
671,4,"Mean",6,"Mean","random","unrelated",TRUE,FALSE
671,5,"Mean",32,"Mean","random","unrelated",TRUE,FALSE
671,6,"Mean",23,"Median","identical","related",FALSE,TRUE
671,7,"Median",23,"Median","modified","related",TRUE,TRUE
671,8,"Median",23,"Median","modified","related",TRUE,TRUE
671,9,"Median",23,"Median","modified","related",TRUE,TRUE
671,10,"Median",23,"Mode","identical","related",FALSE,TRUE
671,11,"Mode",23,"Mode","modified","related",TRUE,TRUE
671,12,"Mode",23,"Mode","random","unrelated",TRUE,FALSE
671,13,"Mode",1,"Mode","random","unrelated",TRUE,FALSE
671,14,"Mode",14,"Mode","random","unrelated",TRUE,FALSE
671,15,"Mode",24,NA,NA,NA,NA,NA
698,0,"Mean",29,"Mean","modified","related",TRUE,TRUE
698,1,"Mean",29,"Mean","random","unrelated",TRUE,FALSE
698,2,"Mean",4,"Mean","modified","related",TRUE,TRUE
698,3,"Mean",4,"Mean","random","unrelated",TRUE,FALSE
698,4,"Mean",16,"Median","identical","related",FALSE,TRUE
698,5,"Median",16,"Median","modified","related",TRUE,TRUE
698,6,"Median",16,"Median","random","unrelated",TRUE,FALSE
698,7,"Median",10,"Median","modified","related",TRUE,TRUE
698,8,"Median",10,"Median","modified","related",TRUE,TRUE
698,9,"Median",10,"Mode","identical","related",FALSE,TRUE
698,10,"Mode",10,"Mode","modified","related",TRUE,TRUE
698,11,"Mode",10,"Mode","random","unrelated",TRUE,FALSE
698,12,"Mode",17,"Mode","random","unrelated",TRUE,FALSE
698,13,"Mode",21,"Mode","random","unrelated",TRUE,FALSE
698,14,"Mode",8,NA,NA,NA,NA,NA
706,0,"Mean",1,"Mean","modified","related",TRUE,TRUE
706,1,"Mean",1,"Mean","random","unrelated",TRUE,FALSE
706,2,"Mean",31,"Mean","modified","related",TRUE,TRUE
706,3,"Mean",31,"Mean","random","unrelated",TRUE,FALSE
706,4,"Mean",18,"Median","identical","related",FALSE,TRUE
706,5,"Median",18,"Median","modified","related",TRUE,TRUE
706,6,"Median",18,"Median","modified","related",TRUE,TRUE
706,7,"Median",18,"Median","random","unrelated",TRUE,FALSE
706,8,"Median",22,"Median","modified","related",TRUE,TRUE
706,9,"Median",22,"Median","modified","related",TRUE,TRUE
706,10,"Median",22,"Mode","identical","related",FALSE,TRUE
706,11,"Mode",22,"Mode","modified","related",TRUE,TRUE
706,12,"Mode",22,"Mode","random","unrelated",TRUE,FALSE
706,13,"Mode",3,"Mode","modified","related",TRUE,TRUE
706,14,"Mode",3,"Mode","random","unrelated",TRUE,FALSE
706,15,"Mode",2,"Mean","random","unrelated",FALSE,FALSE
706,16,"Mean",24,NA,NA,NA,NA,NA
724,0,"Mean",20,"Mean","modified","related",TRUE,TRUE
724,1,"Mean",20,"Mean","modified","related",TRUE,TRUE
724,2,"Mean",20,"Mean","random","unrelated",TRUE,FALSE
724,3,"Mean",9,"Mean","modified","related",TRUE,TRUE
724,4,"Mean",9,"Mean","random","unrelated",TRUE,FALSE
724,5,"Mean",32,"Median","identical","related",FALSE,TRUE
724,6,"Median",32,"Median","modified","related",TRUE,TRUE
724,7,"Median",32,"Median","modified","related",TRUE,TRUE
724,8,"Median",32,"Median","modified","related",TRUE,TRUE
724,9,"Median",32,"Median","random","unrelated",TRUE,FALSE
724,10,"Median",21,"Mode","identical","related",FALSE,TRUE
724,11,"Mode",21,"Mode","modified","related",TRUE,TRUE
724,12,"Mode",21,"Mode","modified","related",TRUE,TRUE
724,13,"Mode",21,"Mode","modified","related",TRUE,TRUE
724,14,"Mode",21,"Mode","modified","related",TRUE,TRUE
724,15,"Mode",21,"Mode","random","unrelated",TRUE,FALSE
724,16,"Mode",26,NA,NA,NA,NA,NA
733,0,"Mean",31,"Mean","random","unrelated",TRUE,FALSE
733,1,"Mean",19,"Median","random","unrelated",FALSE,FALSE
733,2,"Median",10,"Median","modified","related",TRUE,TRUE
733,3,"Median",10,"Mean","random","unrelated",FALSE,FALSE
733,4,"Mean",8,"Mean","random","unrelated",TRUE,FALSE
733,5,"Mean",2,"Mean","random","unrelated",TRUE,FALSE
733,6,"Mean",21,"Mode","random","unrelated",FALSE,FALSE
733,7,"Mode",14,"Mode","modified","related",TRUE,TRUE
733,8,"Mode",14,"Mode","random","unrelated",TRUE,FALSE
733,9,"Mode",18,"Mode","modified","related",TRUE,TRUE
733,10,"Mode",18,"Mode","random","unrelated",TRUE,FALSE
733,11,"Mode",30,"Median","random","unrelated",FALSE,FALSE
733,12,"Median",28,"Median","random","unrelated",TRUE,FALSE
733,13,"Median",22,"Median","modified","related",TRUE,TRUE
733,14,"Median",22,NA,NA,NA,NA,NA
741,0,"Mean",23,"Mean","modified","related",TRUE,TRUE
741,1,"Mean",23,"Mean","modified","related",TRUE,TRUE
741,2,"Mean",23,"Mean","random","unrelated",TRUE,FALSE
741,3,"Mean",16,"Mean","modified","related",TRUE,TRUE
741,4,"Mean",16,"Mean","random","unrelated",TRUE,FALSE
741,5,"Mean",1,"Median","identical","related",FALSE,TRUE
741,6,"Median",1,"Median","random","unrelated",TRUE,FALSE
741,7,"Median",7,"Median","random","unrelated",TRUE,FALSE
741,8,"Median",20,"Median","modified","related",TRUE,TRUE
741,9,"Median",20,"Median","modified","related",TRUE,TRUE
741,10,"Median",20,"Median","random","unrelated",TRUE,FALSE
741,11,"Median",29,"Mode","identical","related",FALSE,TRUE
741,12,"Mode",29,"Mode","modified","related",TRUE,TRUE
741,13,"Mode",29,"Mode","random","unrelated",TRUE,FALSE
741,14,"Mode",31,"Mode","modified","related",TRUE,TRUE
741,15,"Mode",31,"Mode","random","unrelated",TRUE,FALSE
741,16,"Mode",13,"Mode","random","unrelated",TRUE,FALSE
741,17,"Mode",6,NA,NA,NA,NA,NA
744,0,"Mean",8,"Mean","modified","related",TRUE,TRUE
744,1,"Mean",8,"Mean","random","unrelated",TRUE,FALSE
744,2,"Mean",14,"Mean","random","unrelated",TRUE,FALSE
744,3,"Mean",7,"Mean","modified","related",TRUE,TRUE
744,4,"Mean",7,"Mean","modified","related",TRUE,TRUE
744,5,"Mean",7,"Median","identical","related",FALSE,TRUE
744,6,"Median",7,"Median","random","unrelated",TRUE,FALSE
744,7,"Median",26,"Median","modified","related",TRUE,TRUE
744,8,"Median",26,"Median","random","unrelated",TRUE,FALSE
744,9,"Median",23,"Median","modified","related",TRUE,TRUE
744,10,"Median",23,"Mode","identical","related",FALSE,TRUE
744,11,"Mode",23,"Mode","random","unrelated",TRUE,FALSE
744,12,"Mode",5,"Mode","modified","related",TRUE,TRUE
744,13,"Mode",5,"Mode","random","unrelated",TRUE,FALSE
744,14,"Mode",3,"Mode","modified","related",TRUE,TRUE
744,15,"Mode",3,"Mode","random","unrelated",TRUE,FALSE
744,16,"Mode",21,"Mode","modified","related",TRUE,TRUE
744,17,"Mode",21,NA,NA,NA,NA,NA
758,0,"Mean",26,"Mean","modified","related",TRUE,TRUE
758,1,"Mean",26,"Mean","modified","related",TRUE,TRUE
758,2,"Mean",26,"Mean","random","unrelated",TRUE,FALSE
758,3,"Mean",27,"Mean","random","unrelated",TRUE,FALSE
758,4,"Mean",21,"Median","identical","related",FALSE,TRUE
758,5,"Median",21,"Median","random","unrelated",TRUE,FALSE
758,6,"Median",31,"Median","modified","related",TRUE,TRUE
758,7,"Median",31,"Median","random","unrelated",TRUE,FALSE
758,8,"Median",22,"Median","modified","related",TRUE,TRUE
758,9,"Median",22,"Mode","random","unrelated",FALSE,FALSE
758,10,"Mode",2,"Mode","random","unrelated",TRUE,FALSE
758,11,"Mode",5,"Mode","modified","related",TRUE,TRUE
758,12,"Mode",5,"Mode","random","unrelated",TRUE,FALSE
758,13,"Mode",20,"Mode","random","unrelated",TRUE,FALSE
758,14,"Mode",25,NA,NA,NA,NA,NA
761,0,"Mean",13,"Mean","modified","related",TRUE,TRUE
761,1,"Mean",13,"Mean","modified","related",TRUE,TRUE
761,2,"Mean",13,"Mean","modified","related",TRUE,TRUE
761,3,"Mean",13,"Mean","random","unrelated",TRUE,FALSE
761,4,"Mean",19,"Median","random","unrelated",FALSE,FALSE
761,5,"Median",8,"Median","modified","related",TRUE,TRUE
761,6,"Median",8,"Median","random","unrelated",TRUE,FALSE
761,7,"Median",3,"Median","random","unrelated",TRUE,FALSE
761,8,"Median",17,"Median","random","unrelated",TRUE,FALSE
761,9,"Median",32,"Median","modified","related",TRUE,TRUE
761,10,"Median",32,"Mode","identical","related",FALSE,TRUE
761,11,"Mode",32,"Mode","modified","related",TRUE,TRUE
761,12,"Mode",32,"Mode","modified","related",TRUE,TRUE
761,13,"Mode",32,"Mode","modified","related",TRUE,TRUE
761,14,"Mode",32,"Mode","modified","related",TRUE,TRUE
761,15,"Mode",32,"Mode","modified","related",TRUE,TRUE
761,16,"Mode",32,NA,NA,NA,NA,NA
774,0,"Mean",20,"Mean","modified","related",TRUE,TRUE
774,1,"Mean",20,"Mean","modified","related",TRUE,TRUE
774,2,"Mean",20,"Mean","random","unrelated",TRUE,FALSE
774,3,"Mean",31,"Mean","modified","related",TRUE,TRUE
774,4,"Mean",31,"Mean","random","unrelated",TRUE,FALSE
774,5,"Mean",12,"Median","identical","related",FALSE,TRUE
774,6,"Median",12,"Median","modified","related",TRUE,TRUE
774,7,"Median",12,"Median","random","unrelated",TRUE,FALSE
774,8,"Median",21,"Median","modified","related",TRUE,TRUE
774,9,"Median",21,"Median","random","unrelated",TRUE,FALSE
774,10,"Median",15,"Median","modified","related",TRUE,TRUE
774,11,"Median",15,"Mode","identical","related",FALSE,TRUE
774,12,"Mode",15,"Mode","random","unrelated",TRUE,FALSE
774,13,"Mode",25,"Mode","random","unrelated",TRUE,FALSE
774,14,"Mode",3,"Mode","modified","related",TRUE,TRUE
774,15,"Mode",3,"Mode","random","unrelated",TRUE,FALSE
774,16,"Mode",28,"Median","random","unrelated",FALSE,FALSE
774,17,"Median",23,"Mode","random","unrelated",FALSE,FALSE
774,18,"Mode",18,NA,NA,NA,NA,NA
781,0,"Mean",23,"Mean","modified","related",TRUE,TRUE
781,1,"Mean",23,"Mean","random","unrelated",TRUE,FALSE
781,2,"Mean",2,"Mean","random","unrelated",TRUE,FALSE
781,3,"Mean",26,"Mean","random","unrelated",TRUE,FALSE
781,4,"Mean",17,"Mode","identical","related",FALSE,TRUE
781,5,"Mode",17,"Mode","random","unrelated",TRUE,FALSE
781,6,"Mode",16,"Mode","random","unrelated",TRUE,FALSE
781,7,"Mode",22,"Mode","random","unrelated",TRUE,FALSE
781,8,"Mode",5,"Mode","modified","related",TRUE,TRUE
781,9,"Mode",5,"Median","random","unrelated",FALSE,FALSE
781,10,"Median",29,"Median","modified","related",TRUE,TRUE
781,11,"Median",29,"Median","modified","related",TRUE,TRUE
781,12,"Median",29,"Median","modified","related",TRUE,TRUE
781,13,"Median",29,"Median","modified","related",TRUE,TRUE
781,14,"Median",29,NA,NA,NA,NA,NA
791,0,"Mean",10,"Mean","random","unrelated",TRUE,FALSE
791,1,"Mean",3,"Mean","modified","related",TRUE,TRUE
791,2,"Mean",3,"Mean","random","unrelated",TRUE,FALSE
791,3,"Mean",14,"Mean","modified","related",TRUE,TRUE
791,4,"Mean",14,"Mean","modified","related",TRUE,TRUE
791,5,"Mean",14,"Median","identical","related",FALSE,TRUE
791,6,"Median",14,"Median","modified","related",TRUE,TRUE
791,7,"Median",14,"Median","random","unrelated",TRUE,FALSE
791,8,"Median",7,"Median","random","unrelated",TRUE,FALSE
791,9,"Median",30,"Median","modified","related",TRUE,TRUE
791,10,"Median",30,"Median","modified","related",TRUE,TRUE
791,11,"Median",30,"Mode","identical","related",FALSE,TRUE
791,12,"Mode",30,"Mode","modified","related",TRUE,TRUE
791,13,"Mode",30,"Mode","random","unrelated",TRUE,FALSE
791,14,"Mode",2,"Mode","modified","related",TRUE,TRUE
791,15,"Mode",2,"Mode","modified","related",TRUE,TRUE
791,16,"Mode",2,"Mode","random","unrelated",TRUE,FALSE
791,17,"Mode",16,NA,NA,NA,NA,NA
802,0,"Mean",30,"Mean","modified","related",TRUE,TRUE
802,1,"Mean",30,"Mean","random","unrelated",TRUE,FALSE
802,2,"Mean",12,"Mean","modified","related",TRUE,TRUE
802,3,"Mean",12,"Mean","modified","related",TRUE,TRUE
802,4,"Mean",12,"Median","identical","related",FALSE,TRUE
802,5,"Median",12,"Median","modified","related",TRUE,TRUE
802,6,"Median",12,"Median","modified","related",TRUE,TRUE
802,7,"Median",12,"Median","random","unrelated",TRUE,FALSE
802,8,"Median",10,"Median","modified","related",TRUE,TRUE
802,9,"Median",10,"Mode","identical","related",FALSE,TRUE
802,10,"Mode",10,"Mode","random","unrelated",TRUE,FALSE
802,11,"Mode",4,"Mode","random","unrelated",TRUE,FALSE
802,12,"Mode",20,"Mode","modified","related",TRUE,TRUE
802,13,"Mode",20,"Mode","modified","related",TRUE,TRUE
802,14,"Mode",20,NA,NA,NA,NA,NA
810,0,"Mean",3,"Mean","modified","related",TRUE,TRUE
810,1,"Mean",3,"Mean","random","unrelated",TRUE,FALSE
810,2,"Mean",24,"Mean","modified","related",TRUE,TRUE
810,3,"Mean",24,"Mean","random","unrelated",TRUE,FALSE
810,4,"Mean",5,"Median","identical","related",FALSE,TRUE
810,5,"Median",5,"Median","modified","related",TRUE,TRUE
810,6,"Median",5,"Median","random","unrelated",TRUE,FALSE
810,7,"Median",2,"Median","modified","related",TRUE,TRUE
810,8,"Median",2,"Median","modified","related",TRUE,TRUE
810,9,"Median",2,"Mode","identical","related",FALSE,TRUE
810,10,"Mode",2,"Mode","modified","related",TRUE,TRUE
810,11,"Mode",2,"Mode","random","unrelated",TRUE,FALSE
810,12,"Mode",28,"Mode","modified","related",TRUE,TRUE
810,13,"Mode",28,"Mode","random","unrelated",TRUE,FALSE
810,14,"Mode",10,"Mode","random","unrelated",TRUE,FALSE
810,15,"Mode",20,NA,NA,NA,NA,NA
